timestamp,hour,motion,light_level,temperature,occupancy,is_anomaly
2026-01-05 00:00:00,0,0,55,20.91,0,0
2026-01-05 00:05:00,0,0,0,20.76,0,0
2026-01-05 00:10:00,0,0,8,20.78,0,0
2026-01-05 00:15:00,0,0,8,20.7,0,0
2026-01-05 00:20:00,0,0,0,20.61,0,0
2026-01-05 00:25:00,0,0,93,20.45,0,0
2026-01-05 00:30:00,0,0,7,20.34,0,0
2026-01-05 00:35:00,0,1,0,20.41,0,0
2026-01-05 00:40:00,0,1,10,20.38,0,0
2026-01-05 00:45:00,0,1,0,20.33,0,0
2026-01-05 00:50:00,0,1,0,20.2,0,0
2026-01-05 00:55:00,0,1,44,20.12,0,0
2026-01-05 01:00:00,1,0,0,20.13,0,0
2026-01-05 01:05:00,1,0,0,20.1,0,0
2026-01-05 01:10:00,1,1,55,20.04,0,0
2026-01-05 01:15:00,1,0,56,19.9,0,0
2026-01-05 01:20:00,1,0,28,19.84,0,0
2026-01-05 01:25:00,1,0,0,19.75,0,0
2026-01-05 01:30:00,1,0,1,19.7,0,0
2026-01-05 01:35:00,1,0,0,19.77,0,0
2026-01-05 01:40:00,1,0,0,19.8,0,0
2026-01-05 01:45:00,1,0,0,19.84,0,0
2026-01-05 01:50:00,1,1,0,19.61,0,0
2026-01-05 01:55:00,1,1,0,19.63,0,0
2026-01-05 02:00:00,2,1,0,19.56,0,0
2026-01-05 02:05:00,2,1,17,19.63,0,0
2026-01-05 02:10:00,2,1,18,19.59,0,0
2026-01-05 02:15:00,2,0,69,19.56,0,0
2026-01-05 02:20:00,2,1,0,19.46,0,0
2026-01-05 02:25:00,2,1,20,19.48,0,0
2026-01-05 02:30:00,2,0,20,19.5,0,0
2026-01-05 02:35:00,2,0,1,19.58,0,0
2026-01-05 02:40:00,2,0,36,19.47,0,0
2026-01-05 02:45:00,2,0,37,19.38,0,0
2026-01-05 02:50:00,2,0,21,19.4,0,0
2026-01-05 02:55:00,2,0,1,19.52,0,0
2026-01-05 03:00:00,3,0,0,19.6,0,0
2026-01-05 03:05:00,3,0,0,19.52,0,0
2026-01-05 03:10:00,3,0,0,19.45,0,0
2026-01-05 03:15:00,3,0,0,19.44,0,0
2026-01-05 03:20:00,3,0,0,19.56,0,0
2026-01-05 03:25:00,3,0,25,19.59,0,0
2026-01-05 03:30:00,3,0,51,19.45,0,0
2026-01-05 03:35:00,3,0,0,19.44,0,0
2026-01-05 03:40:00,3,0,44,19.42,1,0
2026-01-05 03:45:00,3,0,0,19.55,0,0
2026-01-05 03:50:00,3,0,0,19.57,0,0
2026-01-05 03:55:00,3,0,0,19.66,0,0
2026-01-05 04:00:00,4,0,31,19.67,0,0
2026-01-05 04:05:00,4,0,0,19.74,0,0
2026-01-05 04:10:00,4,0,45,19.78,0,0
2026-01-05 04:15:00,4,0,1,19.89,0,0
2026-01-05 04:20:00,4,0,0,19.84,0,0
2026-01-05 04:25:00,4,0,0,19.78,0,0
2026-01-05 04:30:00,4,0,18,19.86,0,0
2026-01-05 04:35:00,4,0,41,19.86,0,0
2026-01-05 04:40:00,4,1,19,19.95,0,0
2026-01-05 04:45:00,4,1,88,19.89,0,0
2026-01-05 04:50:00,4,1,60,19.95,0,0
2026-01-05 04:55:00,4,0,0,19.85,0,0
2026-01-05 05:00:00,5,0,0,19.9,0,0
2026-01-05 05:05:00,5,0,51,20.02,1,0
2026-01-05 05:10:00,5,1,5,20.16,1,0
2026-01-05 05:15:00,5,1,75,20.37,1,0
2026-01-05 05:20:00,5,1,47,20.51,1,0
2026-01-05 05:25:00,5,0,18,20.68,0,0
2026-01-05 05:30:00,5,0,34,20.79,0,0
2026-01-05 05:35:00,5,0,70,20.73,0,0
2026-01-05 05:40:00,5,0,15,20.83,0,0
2026-01-05 05:45:00,5,0,24,20.92,0,1
2026-01-05 05:50:00,5,0,62,21.16,0,0
2026-01-05 05:55:00,5,0,43,21.22,0,0
2026-01-05 06:00:00,6,0,0,21.19,0,0
2026-01-05 06:05:00,6,1,25,21.1,0,0
2026-01-05 06:10:00,6,1,46,21.05,0,0
2026-01-05 06:15:00,6,1,67,21.03,0,0
2026-01-05 06:20:00,6,1,21,20.96,0,0
2026-01-05 06:25:00,6,0,55,21.04,1,0
2026-01-05 06:30:00,6,1,92,21.23,1,0
2026-01-05 06:35:00,6,0,104,21.46,1,0
2026-01-05 06:40:00,6,0,130,21.55,1,0
2026-01-05 06:45:00,6,1,189,21.57,1,0
2026-01-05 06:50:00,6,0,176,21.81,1,0
2026-01-05 06:55:00,6,0,203,22.07,1,0
2026-01-05 07:00:00,7,0,168,22.38,1,0
2026-01-05 07:05:00,7,1,209,22.51,1,0
2026-01-05 07:10:00,7,1,260,22.76,1,0
2026-01-05 07:15:00,7,1,274,22.91,1,0
2026-01-05 07:20:00,7,1,242,23.1,1,0
2026-01-05 07:25:00,7,1,287,23.2,1,0
2026-01-05 07:30:00,7,1,372,23.27,1,0
2026-01-05 07:35:00,7,1,308,23.49,1,0
2026-01-05 07:40:00,7,0,273,23.54,0,0
2026-01-05 07:45:00,7,0,304,23.63,0,0
2026-01-05 07:50:00,7,1,327,23.47,0,0
2026-01-05 07:55:00,7,1,356,23.42,1,0
2026-01-05 08:00:00,8,1,348,23.37,0,0
2026-01-05 08:05:00,8,1,337,23.5,1,0
2026-01-05 08:10:00,8,1,366,23.57,1,0
2026-01-05 08:15:00,8,1,407,23.62,1,0
2026-01-05 08:20:00,8,1,419,23.66,1,0
2026-01-05 08:25:00,8,1,417,23.79,1,0
2026-01-05 08:30:00,8,1,442,24.01,1,0
2026-01-05 08:35:00,8,1,462,24.1,1,0
2026-01-05 08:40:00,8,1,503,24.24,1,0
2026-01-05 08:45:00,8,1,479,24.36,1,0
2026-01-05 08:50:00,8,1,508,24.5,1,0
2026-01-05 08:55:00,8,1,486,24.59,1,0
2026-01-05 09:00:00,9,0,535,24.67,1,0
2026-01-05 09:05:00,9,0,539,24.79,1,0
2026-01-05 09:10:00,9,0,566,25.01,1,0
2026-01-05 09:15:00,9,1,571,25.16,1,0
2026-01-05 09:20:00,9,1,576,25.32,1,0
2026-01-05 09:25:00,9,1,561,25.24,1,0
2026-01-05 09:30:00,9,0,583,25.41,1,0
2026-01-05 09:35:00,9,0,620,25.45,1,0
2026-01-05 09:40:00,9,0,569,25.77,1,0
2026-01-05 09:45:00,9,0,578,25.68,1,0
2026-01-05 09:50:00,9,1,614,25.77,1,0
2026-01-05 09:55:00,9,0,630,25.64,1,0
2026-01-05 10:00:00,10,0,595,25.82,1,0
2026-01-05 10:05:00,10,1,628,25.89,1,0
2026-01-05 10:10:00,10,0,634,26.03,1,0
2026-01-05 10:15:00,10,1,567,26.03,1,0
2026-01-05 10:20:00,10,0,643,26.2,1,0
2026-01-05 10:25:00,10,0,651,26.37,1,0
2026-01-05 10:30:00,10,1,657,26.61,1,0
2026-01-05 10:35:00,10,0,718,26.62,1,0
2026-01-05 10:40:00,10,1,631,26.68,1,0
2026-01-05 10:45:00,10,0,625,26.56,0,0
2026-01-05 10:50:00,10,0,592,26.62,1,0
2026-01-05 10:55:00,10,1,671,26.61,1,0
2026-01-05 11:00:00,11,0,677,26.78,1,0
2026-01-05 11:05:00,11,1,677,26.92,1,0
2026-01-05 11:10:00,11,1,737,27.07,1,0
2026-01-05 11:15:00,11,1,732,27.08,1,0
2026-01-05 11:20:00,11,1,707,27.15,1,0
2026-01-05 11:25:00,11,1,694,27.17,1,0
2026-01-05 11:30:00,11,1,745,27.27,1,0
2026-01-05 11:35:00,11,1,710,27.26,1,0
2026-01-05 11:40:00,11,1,683,27.3,1,0
2026-01-05 11:45:00,11,0,653,27.51,1,0
2026-01-05 11:50:00,11,1,698,27.67,1,0
2026-01-05 11:55:00,11,0,741,27.81,1,0
2026-01-05 12:00:00,12,1,794,27.78,1,0
2026-01-05 12:05:00,12,1,716,27.95,1,0
2026-01-05 12:10:00,12,1,687,28.06,1,0
2026-01-05 12:15:00,12,1,672,28.1,1,0
2026-01-05 12:20:00,12,1,731,28.02,1,0
2026-01-05 12:25:00,12,1,649,28.0,1,0
2026-01-05 12:30:00,12,1,728,28.1,1,0
2026-01-05 12:35:00,12,1,735,28.13,1,0
2026-01-05 12:40:00,12,1,719,40.89,1,1
2026-01-05 12:45:00,12,1,694,28.34,1,0
2026-01-05 12:50:00,12,0,693,28.31,0,0
2026-01-05 12:55:00,12,1,701,28.24,1,0
2026-01-05 13:00:00,13,0,664,28.15,1,0
2026-01-05 13:05:00,13,0,752,28.24,1,0
2026-01-05 13:10:00,13,0,671,28.44,1,0
2026-01-05 13:15:00,13,0,706,28.55,1,0
2026-01-05 13:20:00,13,1,589,28.66,1,0
2026-01-05 13:25:00,13,1,713,28.58,1,0
2026-01-05 13:30:00,13,1,689,28.51,0,0
2026-01-05 13:35:00,13,0,658,28.39,1,0
2026-01-05 13:40:00,13,1,670,28.43,1,0
2026-01-05 13:45:00,13,1,664,28.5,1,0
2026-01-05 13:50:00,13,0,615,28.71,1,0
2026-01-05 13:55:00,13,1,650,28.73,1,0
2026-01-05 14:00:00,14,1,595,28.76,1,0
2026-01-05 14:05:00,14,0,595,28.73,1,0
2026-01-05 14:10:00,14,0,622,28.76,0,0
2026-01-05 14:15:00,14,1,634,28.68,1,0
2026-01-05 14:20:00,14,0,567,28.68,1,0
2026-01-05 14:25:00,14,1,557,28.65,1,0
2026-01-05 14:30:00,14,1,551,28.73,1,0
2026-01-05 14:35:00,14,1,590,28.64,1,0
2026-01-05 14:40:00,14,0,520,28.69,1,0
2026-01-05 14:45:00,14,1,558,28.82,1,0
2026-01-05 14:50:00,14,0,562,29.02,1,0
2026-01-05 14:55:00,14,0,523,29.04,1,0
2026-01-05 15:00:00,15,1,551,29.07,1,0
2026-01-05 15:05:00,15,1,494,28.99,1,0
2026-01-05 15:10:00,15,1,486,29.06,1,0
2026-01-05 15:15:00,15,0,449,28.98,1,0
2026-01-05 15:20:00,15,1,507,28.99,1,0
2026-01-05 15:25:00,15,1,433,28.9,1,0
2026-01-05 15:30:00,15,1,461,28.81,1,0
2026-01-05 15:35:00,15,0,434,28.89,1,0
2026-01-05 15:40:00,15,1,388,28.88,1,0
2026-01-05 15:45:00,15,0,391,28.93,1,0
2026-01-05 15:50:00,15,1,448,28.79,1,0
2026-01-05 15:55:00,15,0,394,28.8,1,0
2026-01-05 16:00:00,16,1,339,28.9,1,0
2026-01-05 16:05:00,16,1,372,29.05,1,0
2026-01-05 16:10:00,16,0,318,28.91,0,0
2026-01-05 16:15:00,16,0,456,28.73,1,0
2026-01-05 16:20:00,16,1,332,28.51,1,0
2026-01-05 16:25:00,16,1,295,28.61,1,0
2026-01-05 16:30:00,16,1,344,28.61,1,0
2026-01-05 16:35:00,16,1,217,28.6,1,0
2026-01-05 16:40:00,16,1,270,28.52,1,0
2026-01-05 16:45:00,16,0,323,28.45,1,0
2026-01-05 16:50:00,16,1,235,28.52,1,0
2026-01-05 16:55:00,16,0,164,28.51,1,0
2026-01-05 17:00:00,17,1,197,28.52,1,0
2026-01-05 17:05:00,17,1,247,28.27,1,0
2026-01-05 17:10:00,17,0,195,28.23,1,0
2026-01-05 17:15:00,17,1,138,28.3,1,0
2026-01-05 17:20:00,17,0,129,28.49,1,0
2026-01-05 17:25:00,17,1,118,28.35,1,0
2026-01-05 17:30:00,17,0,136,28.18,1,0
2026-01-05 17:35:00,17,0,130,27.96,0,0
2026-01-05 17:40:00,17,0,131,28.05,1,0
2026-01-05 17:45:00,17,1,95,27.98,1,0
2026-01-05 17:50:00,17,1,18,27.94,1,0
2026-01-05 17:55:00,17,1,3,27.8,1,0
2026-01-05 18:00:00,18,1,28,27.56,0,0
2026-01-05 18:05:00,18,1,0,27.44,1,0
2026-01-05 18:10:00,18,1,2,27.29,0,0
2026-01-05 18:15:00,18,1,45,27.36,1,0
2026-01-05 18:20:00,18,1,0,27.21,1,0
2026-01-05 18:25:00,18,1,0,27.12,1,0
2026-01-05 18:30:00,18,1,31,27.06,1,0
2026-01-05 18:35:00,18,1,52,27.06,1,0
2026-01-05 18:40:00,18,1,72,27.06,1,0
2026-01-05 18:45:00,18,1,31,26.94,0,0
2026-01-05 18:50:00,18,1,12,26.95,0,0
2026-01-05 18:55:00,18,1,0,26.73,0,0
2026-01-05 19:00:00,19,0,0,26.75,0,1
2026-01-05 19:05:00,19,0,0,26.72,0,1
2026-01-05 19:10:00,19,0,24,26.73,0,1
2026-01-05 19:15:00,19,0,46,26.73,1,1
2026-01-05 19:20:00,19,1,0,26.73,1,1
2026-01-05 19:25:00,19,0,0,25.86,0,0
2026-01-05 19:30:00,19,0,52,25.75,0,0
2026-01-05 19:35:00,19,1,37,25.64,1,0
2026-01-05 19:40:00,19,1,0,25.48,1,0
2026-01-05 19:45:00,19,0,117,25.41,1,0
2026-01-05 19:50:00,19,0,8,25.41,0,0
2026-01-05 19:55:00,19,0,23,25.37,0,0
2026-01-05 20:00:00,20,0,23,25.28,0,0
2026-01-05 20:05:00,20,0,0,25.12,0,0
2026-01-05 20:10:00,20,0,0,25.07,0,0
2026-01-05 20:15:00,20,0,84,24.85,0,0
2026-01-05 20:20:00,20,0,45,24.77,0,0
2026-01-05 20:25:00,20,0,38,24.56,0,0
2026-01-05 20:30:00,20,0,30,24.57,0,0
2026-01-05 20:35:00,20,0,0,24.34,0,0
2026-01-05 20:40:00,20,0,54,24.17,0,0
2026-01-05 20:45:00,20,0,0,23.97,0,0
2026-01-05 20:50:00,20,0,44,23.92,1,0
2026-01-05 20:55:00,20,0,0,23.92,1,0
2026-01-05 21:00:00,21,1,0,23.94,1,0
2026-01-05 21:05:00,21,1,46,23.91,1,0
2026-01-05 21:10:00,21,1,0,23.89,0,0
2026-01-05 21:15:00,21,0,0,23.78,0,0
2026-01-05 21:20:00,21,0,28,23.75,0,0
2026-01-05 21:25:00,21,0,84,23.63,0,0
2026-01-05 21:30:00,21,0,58,23.65,0,0
2026-01-05 21:35:00,21,0,0,23.5,0,0
2026-01-05 21:40:00,21,0,10,23.45,0,0
2026-01-05 21:45:00,21,0,41,23.33,0,0
2026-01-05 21:50:00,21,1,74,23.26,1,0
2026-01-05 21:55:00,21,0,22,23.16,1,0
2026-01-05 22:00:00,22,0,36,23.03,1,0
2026-01-05 22:05:00,22,1,45,22.99,1,0
2026-01-05 22:10:00,22,1,54,22.93,1,0
2026-01-05 22:15:00,22,0,30,22.93,1,0
2026-01-05 22:20:00,22,0,30,22.93,1,0
2026-01-05 22:25:00,22,1,83,23.04,1,0
2026-01-05 22:30:00,22,1,77,23.09,1,0
2026-01-05 22:35:00,22,1,26,23.18,0,0
2026-01-05 22:40:00,22,1,70,23.09,0,0
2026-01-05 22:45:00,22,0,21,23.05,1,0
2026-01-05 22:50:00,22,1,91,22.91,1,0
2026-01-05 22:55:00,22,1,53,22.82,1,0
2026-01-05 23:00:00,23,0,149,22.7,1,0
2026-01-05 23:05:00,23,0,0,22.61,1,0
2026-01-05 23:10:00,23,0,10,22.65,1,0
2026-01-05 23:15:00,23,1,49,22.63,1,0
2026-01-05 23:20:00,23,1,48,22.56,1,0
2026-01-05 23:25:00,23,1,103,22.49,1,0
2026-01-05 23:30:00,23,1,11,22.5,1,0
2026-01-05 23:35:00,23,1,41,22.52,0,0
2026-01-05 23:40:00,23,1,50,22.34,0,0
2026-01-05 23:45:00,23,0,34,22.13,0,0
2026-01-05 23:50:00,23,0,0,22.01,0,0
2026-01-05 23:55:00,23,0,59,21.88,0,0
2026-01-06 00:00:00,0,0,53,21.7,0,0
2026-01-06 00:05:00,0,0,30,21.46,0,0
2026-01-06 00:10:00,0,0,17,21.31,0,0
2026-01-06 00:15:00,0,0,17,21.11,0,0
2026-01-06 00:20:00,0,0,7,20.9,0,0
2026-01-06 00:25:00,0,0,32,20.72,0,0
2026-01-06 00:30:00,0,0,11,20.51,0,0
2026-01-06 00:35:00,0,0,0,20.36,0,0
2026-01-06 00:40:00,0,0,0,20.16,0,0
2026-01-06 00:45:00,0,1,0,20.12,0,0
2026-01-06 00:50:00,0,1,17,20.04,0,0
2026-01-06 00:55:00,0,1,9,20.07,0,0
2026-01-06 01:00:00,1,1,17,20.06,0,0
2026-01-06 01:05:00,1,1,27,20.01,0,0
2026-01-06 01:10:00,1,0,0,19.95,0,0
2026-01-06 01:15:00,1,0,61,19.87,0,0
2026-01-06 01:20:00,1,0,0,19.88,0,0
2026-01-06 01:25:00,1,0,0,19.9,0,0
2026-01-06 01:30:00,1,0,26,19.91,0,0
2026-01-06 01:35:00,1,0,0,19.85,0,0
2026-01-06 01:40:00,1,0,0,19.78,0,0
2026-01-06 01:45:00,1,0,44,19.65,0,0
2026-01-06 01:50:00,1,0,0,19.66,0,0
2026-01-06 01:55:00,1,0,49,19.77,0,0
2026-01-06 02:00:00,2,0,62,19.84,0,0
2026-01-06 02:05:00,2,0,0,19.78,0,0
2026-01-06 02:10:00,2,0,20,19.64,0,0
2026-01-06 02:15:00,2,0,49,19.71,0,0
2026-01-06 02:20:00,2,0,0,19.75,0,0
2026-01-06 02:25:00,2,0,40,19.58,0,0
2026-01-06 02:30:00,2,0,0,19.52,0,0
2026-01-06 02:35:00,2,0,0,19.58,0,0
2026-01-06 02:40:00,2,0,0,19.71,0,0
2026-01-06 02:45:00,2,0,21,19.62,0,0
2026-01-06 02:50:00,2,0,50,19.5,0,0
2026-01-06 02:55:00,2,0,3,19.4,0,0
2026-01-06 03:00:00,3,0,0,19.51,0,0
2026-01-06 03:05:00,3,0,0,19.45,0,0
2026-01-06 03:10:00,3,1,23,19.52,0,0
2026-01-06 03:15:00,3,1,74,19.42,0,0
2026-01-06 03:20:00,3,0,23,19.44,0,0
2026-01-06 03:25:00,3,0,0,19.52,0,0
2026-01-06 03:30:00,3,0,36,19.58,0,0
2026-01-06 03:35:00,3,0,1,19.59,0,0
2026-01-06 03:40:00,3,0,0,19.47,0,0
2026-01-06 03:45:00,3,0,0,19.38,0,0
2026-01-06 03:50:00,3,0,59,19.36,0,0
2026-01-06 03:55:00,3,0,0,19.44,0,0
2026-01-06 04:00:00,4,0,37,19.61,0,0
2026-01-06 04:05:00,4,0,0,19.66,0,0
2026-01-06 04:10:00,4,0,0,19.76,0,0
2026-01-06 04:15:00,4,0,69,19.7,0,0
2026-01-06 04:20:00,4,0,0,19.74,0,0
2026-01-06 04:25:00,4,0,0,19.64,0,0
2026-01-06 04:30:00,4,0,5,19.76,0,0
2026-01-06 04:35:00,4,0,24,19.91,0,0
2026-01-06 04:40:00,4,0,0,19.91,0,0
2026-01-06 04:45:00,4,0,0,19.87,0,0
2026-01-06 04:50:00,4,0,0,19.87,0,0
2026-01-06 04:55:00,4,0,54,19.93,0,0
2026-01-06 05:00:00,5,0,12,20.01,0,0
2026-01-06 05:05:00,5,0,25,20.05,0,0
2026-01-06 05:10:00,5,0,0,20.17,0,0
2026-01-06 05:15:00,5,0,0,20.22,0,0
2026-01-06 05:20:00,5,0,68,20.29,0,0
2026-01-06 05:25:00,5,0,3,20.44,0,0
2026-01-06 05:30:00,5,0,0,20.46,0,0
2026-01-06 05:35:00,5,0,48,20.39,0,0
2026-01-06 05:40:00,5,0,0,20.31,0,0
2026-01-06 05:45:00,5,0,0,20.41,0,0
2026-01-06 05:50:00,5,0,10,20.43,0,0
2026-01-06 05:55:00,5,0,10,20.52,0,0
2026-01-06 06:00:00,6,1,19,20.53,0,0
2026-01-06 06:05:00,6,1,98,20.64,0,0
2026-01-06 06:10:00,6,0,51,20.73,0,0
2026-01-06 06:15:00,6,0,0,20.92,0,0
2026-01-06 06:20:00,6,1,80,21.0,0,0
2026-01-06 06:25:00,6,0,85,21.03,0,0
2026-01-06 06:30:00,6,0,100,21.02,0,0
2026-01-06 06:35:00,6,0,122,21.11,0,0
2026-01-06 06:40:00,6,0,127,21.27,0,0
2026-01-06 06:45:00,6,0,140,21.3,0,0
2026-01-06 06:50:00,6,1,178,33.85,0,1
2026-01-06 06:55:00,6,0,152,21.26,0,0
2026-01-06 07:00:00,7,0,152,21.24,0,0
2026-01-06 07:05:00,7,0,306,21.24,0,0
2026-01-06 07:10:00,7,0,189,21.42,0,0
2026-01-06 07:15:00,7,0,232,21.51,0,0
2026-01-06 07:20:00,7,0,190,21.74,0,0
2026-01-06 07:25:00,7,0,260,21.81,0,0
2026-01-06 07:30:00,7,0,237,21.94,0,0
2026-01-06 07:35:00,7,0,268,21.92,0,0
2026-01-06 07:40:00,7,0,333,22.03,0,0
2026-01-06 07:45:00,7,0,352,22.12,1,0
2026-01-06 07:50:00,7,0,343,22.24,0,0
2026-01-06 07:55:00,7,0,275,22.39,0,0
2026-01-06 08:00:00,8,1,439,22.58,1,0
2026-01-06 08:05:00,8,1,346,22.78,1,0
2026-01-06 08:10:00,8,0,453,22.96,1,0
2026-01-06 08:15:00,8,0,448,23.16,1,0
2026-01-06 08:20:00,8,0,445,23.4,1,0
2026-01-06 08:25:00,8,1,407,34.38,1,1
2026-01-06 08:30:00,8,1,454,23.85,1,0
2026-01-06 08:35:00,8,1,444,24.01,1,0
2026-01-06 08:40:00,8,1,473,24.34,1,0
2026-01-06 08:45:00,8,1,474,24.4,1,0
2026-01-06 08:50:00,8,1,398,24.6,0,0
2026-01-06 08:55:00,8,1,519,24.64,0,0
2026-01-06 09:00:00,9,0,512,24.8,1,0
2026-01-06 09:05:00,9,0,484,24.76,0,0
2026-01-06 09:10:00,9,0,491,24.78,0,0
2026-01-06 09:15:00,9,0,558,24.82,1,0
2026-01-06 09:20:00,9,1,524,24.89,1,0
2026-01-06 09:25:00,9,0,486,24.93,1,0
2026-01-06 09:30:00,9,0,563,24.86,0,0
2026-01-06 09:35:00,9,1,601,24.9,1,0
2026-01-06 09:40:00,9,0,585,25.03,1,0
2026-01-06 09:45:00,9,1,560,25.09,1,0
2026-01-06 09:50:00,9,0,611,25.19,1,0
2026-01-06 09:55:00,9,0,565,25.35,1,0
2026-01-06 10:00:00,10,0,587,25.6,1,0
2026-01-06 10:05:00,10,1,604,25.92,1,0
2026-01-06 10:10:00,10,1,667,25.98,1,0
2026-01-06 10:15:00,10,0,632,26.13,1,0
2026-01-06 10:20:00,10,0,635,26.11,1,0
2026-01-06 10:25:00,10,1,725,26.22,1,0
2026-01-06 10:30:00,10,0,675,26.25,1,0
2026-01-06 10:35:00,10,1,680,26.44,1,0
2026-01-06 10:40:00,10,0,661,26.57,1,0
2026-01-06 10:45:00,10,0,658,26.74,1,0
2026-01-06 10:50:00,10,1,607,26.76,1,0
2026-01-06 10:55:00,10,1,721,26.78,1,0
2026-01-06 11:00:00,11,1,707,26.9,1,0
2026-01-06 11:05:00,11,1,689,26.93,1,0
2026-01-06 11:10:00,11,1,694,27.08,1,0
2026-01-06 11:15:00,11,1,727,27.22,1,0
2026-01-06 11:20:00,11,1,650,27.43,1,0
2026-01-06 11:25:00,11,1,686,27.4,1,0
2026-01-06 11:30:00,11,1,669,27.34,1,0
2026-01-06 11:35:00,11,0,772,27.35,1,0
2026-01-06 11:40:00,11,0,743,27.49,1,0
2026-01-06 11:45:00,11,1,636,27.52,1,0
2026-01-06 11:50:00,11,0,661,27.58,1,0
2026-01-06 11:55:00,11,1,710,27.65,1,0
2026-01-06 12:00:00,12,1,698,27.88,1,0
2026-01-06 12:05:00,12,1,668,27.91,1,0
2026-01-06 12:10:00,12,1,782,28.03,1,0
2026-01-06 12:15:00,12,1,724,27.93,1,0
2026-01-06 12:20:00,12,1,729,27.95,1,0
2026-01-06 12:25:00,12,0,686,27.99,1,0
2026-01-06 12:30:00,12,0,734,28.16,1,0
2026-01-06 12:35:00,12,0,668,28.17,0,0
2026-01-06 12:40:00,12,1,694,28.15,1,0
2026-01-06 12:45:00,12,1,723,28.04,1,0
2026-01-06 12:50:00,12,0,641,28.12,1,0
2026-01-06 12:55:00,12,0,751,28.21,1,0
2026-01-06 13:00:00,13,1,698,28.31,1,0
2026-01-06 13:05:00,13,1,732,28.35,1,0
2026-01-06 13:10:00,13,1,645,28.29,1,0
2026-01-06 13:15:00,13,1,646,28.32,1,0
2026-01-06 13:20:00,13,0,633,28.46,1,0
2026-01-06 13:25:00,13,0,13,28.52,0,1
2026-01-06 13:30:00,13,1,665,28.49,1,0
2026-01-06 13:35:00,13,1,641,28.42,1,0
2026-01-06 13:40:00,13,1,615,28.42,1,0
2026-01-06 13:45:00,13,1,600,28.49,1,0
2026-01-06 13:50:00,13,1,636,28.6,1,0
2026-01-06 13:55:00,13,1,589,28.66,0,0
2026-01-06 14:00:00,14,0,599,28.79,1,0
2026-01-06 14:05:00,14,1,670,28.7,1,0
2026-01-06 14:10:00,14,1,605,28.72,1,0
2026-01-06 14:15:00,14,1,644,28.68,1,0
2026-01-06 14:20:00,14,1,548,28.53,0,0
2026-01-06 14:25:00,14,0,591,28.56,1,0
2026-01-06 14:30:00,14,1,572,28.54,1,0
2026-01-06 14:35:00,14,0,505,28.8,1,0
2026-01-06 14:40:00,14,0,605,28.85,1,0
2026-01-06 14:45:00,14,1,541,28.8,1,0
2026-01-06 14:50:00,14,1,562,28.79,1,0
2026-01-06 14:55:00,14,0,499,28.78,1,0
2026-01-06 15:00:00,15,1,510,28.84,1,0
2026-01-06 15:05:00,15,1,474,39.64,1,1
2026-01-06 15:10:00,15,0,537,28.83,1,0
2026-01-06 15:15:00,15,0,494,28.95,1,0
2026-01-06 15:20:00,15,1,484,28.99,1,0
2026-01-06 15:25:00,15,1,508,29.05,1,0
2026-01-06 15:30:00,15,1,489,29.05,1,0
2026-01-06 15:35:00,15,0,463,29.08,1,0
2026-01-06 15:40:00,15,1,375,29.09,1,0
2026-01-06 15:45:00,15,1,388,29.1,1,0
2026-01-06 15:50:00,15,0,365,29.06,1,0
2026-01-06 15:55:00,15,0,413,29.01,1,0
2026-01-06 16:00:00,16,0,380,28.99,1,0
2026-01-06 16:05:00,16,1,313,16.84,1,1
2026-01-06 16:10:00,16,1,342,28.9,1,0
2026-01-06 16:15:00,16,0,283,28.9,1,0
2026-01-06 16:20:00,16,0,320,28.96,1,0
2026-01-06 16:25:00,16,1,250,28.92,1,0
2026-01-06 16:30:00,16,1,313,28.79,1,0
2026-01-06 16:35:00,16,1,294,28.75,1,0
2026-01-06 16:40:00,16,1,334,28.75,1,0
2026-01-06 16:45:00,16,1,283,28.75,1,0
2026-01-06 16:50:00,16,1,224,28.63,1,0
2026-01-06 16:55:00,16,1,253,28.56,1,0
2026-01-06 17:00:00,17,0,162,28.51,1,0
2026-01-06 17:05:00,17,1,162,28.45,1,0
2026-01-06 17:10:00,17,1,193,28.39,1,0
2026-01-06 17:15:00,17,1,67,28.32,0,0
2026-01-06 17:20:00,17,1,151,28.24,1,0
2026-01-06 17:25:00,17,1,102,28.19,1,0
2026-01-06 17:30:00,17,1,127,28.19,1,0
2026-01-06 17:35:00,17,1,71,28.21,1,0
2026-01-06 17:40:00,17,1,109,28.09,1,0
2026-01-06 17:45:00,17,0,80,28.01,1,0
2026-01-06 17:50:00,17,1,113,27.91,1,0
2026-01-06 17:55:00,17,0,50,27.8,1,0
2026-01-06 18:00:00,18,0,0,27.7,0,0
2026-01-06 18:05:00,18,0,26,27.6,1,0
2026-01-06 18:10:00,18,1,0,27.69,1,0
2026-01-06 18:15:00,18,1,49,27.7,1,0
2026-01-06 18:20:00,18,1,55,27.71,1,0
2026-01-06 18:25:00,18,0,121,27.57,1,0
2026-01-06 18:30:00,18,1,13,27.43,1,0
2026-01-06 18:35:00,18,0,999,27.28,1,1
2026-01-06 18:40:00,18,1,14,27.11,1,0
2026-01-06 18:45:00,18,0,17,26.95,0,0
2026-01-06 18:50:00,18,1,48,26.88,1,0
2026-01-06 18:55:00,18,1,33,26.75,1,0
2026-01-06 19:00:00,19,1,73,26.73,1,0
2026-01-06 19:05:00,19,1,13,26.69,1,0
2026-01-06 19:10:00,19,1,69,26.75,1,0
2026-01-06 19:15:00,19,1,28,26.62,0,0
2026-01-06 19:20:00,19,1,9,26.46,0,0
2026-01-06 19:25:00,19,1,0,26.35,0,0
2026-01-06 19:30:00,19,1,119,26.25,1,0
2026-01-06 19:35:00,19,0,6,26.12,1,0
2026-01-06 19:40:00,19,1,45,25.95,1,0
2026-01-06 19:45:00,19,1,8,25.88,1,0
2026-01-06 19:50:00,19,1,97,25.83,1,0
2026-01-06 19:55:00,19,1,66,25.75,1,0
2026-01-06 20:00:00,20,1,11,25.72,1,0
2026-01-06 20:05:00,20,1,52,25.65,1,0
2026-01-06 20:10:00,20,0,44,25.55,1,0
2026-01-06 20:15:00,20,1,16,25.45,1,0
2026-01-06 20:20:00,20,0,36,25.44,0,0
2026-01-06 20:25:00,20,1,23,25.35,0,0
2026-01-06 20:30:00,20,1,17,25.22,0,0
2026-01-06 20:35:00,20,1,8,25.09,0,0
2026-01-06 20:40:00,20,1,25,25.0,0,0
2026-01-06 20:45:00,20,1,43,24.94,1,0
2026-01-06 20:50:00,20,0,37,24.83,1,0
2026-01-06 20:55:00,20,0,12,24.8,1,0
2026-01-06 21:00:00,21,1,94,24.74,1,0
2026-01-06 21:05:00,21,0,0,24.58,0,0
2026-01-06 21:10:00,21,0,24,24.35,0,0
2026-01-06 21:15:00,21,1,0,24.05,0,0
2026-01-06 21:20:00,21,1,71,23.81,0,0
2026-01-06 21:25:00,21,0,0,23.68,0,0
2026-01-06 21:30:00,21,0,0,23.51,0,0
2026-01-06 21:35:00,21,1,1,23.51,1,0
2026-01-06 21:40:00,21,1,46,23.47,1,0
2026-01-06 21:45:00,21,0,0,23.47,1,0
2026-01-06 21:50:00,21,0,18,23.42,1,0
2026-01-06 21:55:00,21,1,0,23.36,1,0
2026-01-06 22:00:00,22,1,43,23.22,1,0
2026-01-06 22:05:00,22,0,17,23.08,1,0
2026-01-06 22:10:00,22,0,0,23.03,1,0
2026-01-06 22:15:00,22,0,47,23.08,0,0
2026-01-06 22:20:00,22,0,0,23.13,0,0
2026-01-06 22:25:00,22,1,37,23.12,0,0
2026-01-06 22:30:00,22,0,0,23.14,0,0
2026-01-06 22:35:00,22,0,66,23.03,0,0
2026-01-06 22:40:00,22,0,36,22.91,0,0
2026-01-06 22:45:00,22,1,0,22.68,0,0
2026-01-06 22:50:00,22,1,0,22.45,0,0
2026-01-06 22:55:00,22,1,31,22.25,0,0
2026-01-06 23:00:00,23,1,0,22.06,0,0
2026-01-06 23:05:00,23,1,4,21.87,0,0
2026-01-06 23:10:00,23,1,54,8.64,0,1
2026-01-06 23:15:00,23,0,0,21.36,0,0
2026-01-06 23:20:00,23,0,13,21.21,0,0
2026-01-06 23:25:00,23,0,43,21.06,0,0
2026-01-06 23:30:00,23,0,38,21.16,0,0
2026-01-06 23:35:00,23,0,4,21.19,0,0
2026-01-06 23:40:00,23,0,0,21.06,0,0
2026-01-06 23:45:00,23,0,0,21.01,0,0
2026-01-06 23:50:00,23,0,0,20.8,0,0
2026-01-06 23:55:00,23,0,21,20.75,0,0
2026-01-07 00:00:00,0,0,5,20.61,0,0
2026-01-07 00:05:00,0,0,12,20.59,0,0
2026-01-07 00:10:00,0,0,46,20.51,0,0
2026-01-07 00:15:00,0,0,0,20.49,0,0
2026-01-07 00:20:00,0,0,1,20.48,0,0
2026-01-07 00:25:00,0,1,16,20.56,0,0
2026-01-07 00:30:00,0,1,10,20.49,1,0
2026-01-07 00:35:00,0,0,60,20.44,0,0
2026-01-07 00:40:00,0,0,41,20.37,0,0
2026-01-07 00:45:00,0,0,20,20.43,0,0
2026-01-07 00:50:00,0,0,72,20.24,0,0
2026-01-07 00:55:00,0,0,0,20.19,1,0
2026-01-07 01:00:00,1,0,34,20.14,1,0
2026-01-07 01:05:00,1,1,47,20.31,1,0
2026-01-07 01:10:00,1,0,2,20.43,1,0
2026-01-07 01:15:00,1,0,20,20.46,0,0
2026-01-07 01:20:00,1,0,0,20.49,0,0
2026-01-07 01:25:00,1,0,34,20.46,0,0
2026-01-07 01:30:00,1,0,47,20.42,0,0
2026-01-07 01:35:00,1,0,19,20.37,0,0
2026-01-07 01:40:00,1,0,0,20.27,0,0
2026-01-07 01:45:00,1,0,0,20.2,0,0
2026-01-07 01:50:00,1,0,29,20.18,0,0
2026-01-07 01:55:00,1,0,10,20.05,0,0
2026-01-07 02:00:00,2,0,0,19.97,0,0
2026-01-07 02:05:00,2,0,53,19.8,0,0
2026-01-07 02:10:00,2,0,14,19.8,0,0
2026-01-07 02:15:00,2,0,0,19.71,0,0
2026-01-07 02:20:00,2,0,44,19.73,0,0
2026-01-07 02:25:00,2,0,0,19.6,0,0
2026-01-07 02:30:00,2,0,0,19.54,0,0
2026-01-07 02:35:00,2,0,22,19.4,0,0
2026-01-07 02:40:00,2,0,72,19.41,0,0
2026-01-07 02:45:00,2,0,66,19.48,0,0
2026-01-07 02:50:00,2,0,22,19.61,0,0
2026-01-07 02:55:00,2,0,26,19.58,0,0
2026-01-07 03:00:00,3,0,37,19.5,0,0
2026-01-07 03:05:00,3,0,0,19.42,0,0
2026-01-07 03:10:00,3,0,32,19.5,0,0
2026-01-07 03:15:00,3,0,0,19.44,0,0
2026-01-07 03:20:00,3,0,21,19.37,0,0
2026-01-07 03:25:00,3,0,2,19.37,0,0
2026-01-07 03:30:00,3,0,27,19.37,0,0
2026-01-07 03:35:00,3,0,14,19.44,0,0
2026-01-07 03:40:00,3,0,0,19.44,0,0
2026-01-07 03:45:00,3,0,16,19.57,0,0
2026-01-07 03:50:00,3,0,32,19.6,0,0
2026-01-07 03:55:00,3,0,25,19.59,0,0
2026-01-07 04:00:00,4,0,6,19.63,0,0
2026-01-07 04:05:00,4,0,67,19.68,0,0
2026-01-07 04:10:00,4,0,20,19.68,0,0
2026-01-07 04:15:00,4,0,25,19.67,0,0
2026-01-07 04:20:00,4,0,46,19.7,0,0
2026-01-07 04:25:00,4,0,22,19.85,0,0
2026-01-07 04:30:00,4,0,0,19.92,0,0
2026-01-07 04:35:00,4,0,0,19.99,0,0
2026-01-07 04:40:00,4,0,0,19.91,0,0
2026-01-07 04:45:00,4,0,36,19.88,0,0
2026-01-07 04:50:00,4,0,0,19.84,0,0
2026-01-07 04:55:00,4,0,38,19.91,0,0
2026-01-07 05:00:00,5,0,15,19.92,0,0
2026-01-07 05:05:00,5,0,55,20.04,0,0
2026-01-07 05:10:00,5,0,0,20.14,0,0
2026-01-07 05:15:00,5,1,51,20.26,1,0
2026-01-07 05:20:00,5,1,52,20.36,1,0
2026-01-07 05:25:00,5,1,87,20.5,1,0
2026-01-07 05:30:00,5,0,0,20.73,1,0
2026-01-07 05:35:00,5,0,18,20.81,1,0
2026-01-07 05:40:00,5,0,39,20.93,0,0
2026-01-07 05:45:00,5,0,64,20.98,0,0
2026-01-07 05:50:00,5,0,18,21.14,0,0
2026-01-07 05:55:00,5,0,0,21.17,0,0
2026-01-07 06:00:00,6,0,36,21.11,0,0
2026-01-07 06:05:00,6,0,55,21.09,0,0
2026-01-07 06:10:00,6,0,27,21.18,0,0
2026-01-07 06:15:00,6,0,66,21.33,0,0
2026-01-07 06:20:00,6,0,110,21.45,0,0
2026-01-07 06:25:00,6,0,150,21.42,0,0
2026-01-07 06:30:00,6,0,124,21.36,0,0
2026-01-07 06:35:00,6,0,114,21.22,0,0
2026-01-07 06:40:00,6,1,151,21.28,1,0
2026-01-07 06:45:00,6,0,187,21.36,1,0
2026-01-07 06:50:00,6,0,178,21.55,1,0
2026-01-07 06:55:00,6,0,178,21.59,0,0
2026-01-07 07:00:00,7,0,148,21.81,0,0
2026-01-07 07:05:00,7,1,270,21.95,1,0
2026-01-07 07:10:00,7,0,199,22.13,1,0
2026-01-07 07:15:00,7,1,238,22.26,1,0
2026-01-07 07:20:00,7,0,270,22.47,1,0
2026-01-07 07:25:00,7,0,326,22.65,0,0
2026-01-07 07:30:00,7,0,255,22.75,0,0
2026-01-07 07:35:00,7,0,260,22.77,0,0
2026-01-07 07:40:00,7,0,278,22.84,0,0
2026-01-07 07:45:00,7,0,368,22.85,0,0
2026-01-07 07:50:00,7,0,225,22.82,0,0
2026-01-07 07:55:00,7,0,326,22.77,1,0
2026-01-07 08:00:00,8,1,470,22.92,1,0
2026-01-07 08:05:00,8,0,408,23.1,1,0
2026-01-07 08:10:00,8,1,361,23.28,1,0
2026-01-07 08:15:00,8,1,411,23.37,1,0
2026-01-07 08:20:00,8,0,427,23.5,1,0
2026-01-07 08:25:00,8,0,466,23.68,1,0
2026-01-07 08:30:00,8,1,513,23.87,1,0
2026-01-07 08:35:00,8,1,474,24.03,1,0
2026-01-07 08:40:00,8,0,428,24.14,0,0
2026-01-07 08:45:00,8,0,510,24.23,1,0
2026-01-07 08:50:00,8,1,469,24.38,1,0
2026-01-07 08:55:00,8,0,469,24.58,1,0
2026-01-07 09:00:00,9,1,454,24.72,1,0
2026-01-07 09:05:00,9,1,471,24.84,1,0
2026-01-07 09:10:00,9,1,504,24.88,1,0
2026-01-07 09:15:00,9,0,505,24.92,1,0
2026-01-07 09:20:00,9,1,566,25.05,1,0
2026-01-07 09:25:00,9,1,523,25.16,1,0
2026-01-07 09:30:00,9,1,464,25.29,1,0
2026-01-07 09:35:00,9,0,546,25.28,1,0
2026-01-07 09:40:00,9,1,575,25.45,1,0
2026-01-07 09:45:00,9,1,579,25.69,1,0
2026-01-07 09:50:00,9,0,661,25.85,1,0
2026-01-07 09:55:00,9,1,594,25.9,1,0
2026-01-07 10:00:00,10,1,654,25.97,1,0
2026-01-07 10:05:00,10,1,630,25.99,1,0
2026-01-07 10:10:00,10,0,636,26.18,1,0
2026-01-07 10:15:00,10,1,615,26.33,1,0
2026-01-07 10:20:00,10,1,649,26.37,1,0
2026-01-07 10:25:00,10,1,630,26.35,1,0
2026-01-07 10:30:00,10,0,669,26.27,1,0
2026-01-07 10:35:00,10,0,635,26.43,0,0
2026-01-07 10:40:00,10,1,640,26.46,1,0
2026-01-07 10:45:00,10,1,713,26.57,1,0
2026-01-07 10:50:00,10,0,698,26.66,1,0
2026-01-07 10:55:00,10,1,672,26.71,1,0
2026-01-07 11:00:00,11,1,696,26.74,1,0
2026-01-07 11:05:00,11,1,692,26.85,1,0
2026-01-07 11:10:00,11,1,668,26.91,1,0
2026-01-07 11:15:00,11,1,704,26.91,1,0
2026-01-07 11:20:00,11,1,657,27.01,0,0
2026-01-07 11:25:00,11,1,674,27.07,1,0
2026-01-07 11:30:00,11,1,652,27.18,1,0
2026-01-07 11:35:00,11,0,698,27.17,1,0
2026-01-07 11:40:00,11,0,707,27.3,0,0
2026-01-07 11:45:00,11,1,689,27.46,1,0
2026-01-07 11:50:00,11,0,802,27.53,1,0
2026-01-07 11:55:00,11,1,745,27.49,1,0
2026-01-07 12:00:00,12,0,760,27.4,1,0
2026-01-07 12:05:00,12,1,742,27.41,1,0
2026-01-07 12:10:00,12,0,779,27.54,1,0
2026-01-07 12:15:00,12,1,685,27.58,1,0
2026-01-07 12:20:00,12,1,622,27.74,1,0
2026-01-07 12:25:00,12,1,695,27.8,1,0
2026-01-07 12:30:00,12,1,728,28.06,1,0
2026-01-07 12:35:00,12,1,712,28.16,1,0
2026-01-07 12:40:00,12,0,714,28.3,1,0
2026-01-07 12:45:00,12,0,748,28.33,1,0
2026-01-07 12:50:00,12,1,712,28.27,1,0
2026-01-07 12:55:00,12,0,723,28.36,1,0
2026-01-07 13:00:00,13,0,658,28.36,1,0
2026-01-07 13:05:00,13,0,649,28.42,1,0
2026-01-07 13:10:00,13,0,740,28.41,1,0
2026-01-07 13:15:00,13,0,682,28.46,1,0
2026-01-07 13:20:00,13,1,652,28.53,1,0
2026-01-07 13:25:00,13,0,647,28.63,1,0
2026-01-07 13:30:00,13,0,640,28.65,1,0
2026-01-07 13:35:00,13,1,632,28.79,1,0
2026-01-07 13:40:00,13,1,606,28.71,1,0
2026-01-07 13:45:00,13,1,592,28.86,1,0
2026-01-07 13:50:00,13,0,631,28.75,1,0
2026-01-07 13:55:00,13,1,610,28.84,1,0
2026-01-07 14:00:00,14,0,662,28.76,1,0
2026-01-07 14:05:00,14,0,626,28.82,1,0
2026-01-07 14:10:00,14,0,617,28.88,1,0
2026-01-07 14:15:00,14,1,574,29.0,1,0
2026-01-07 14:20:00,14,0,573,29.1,1,1
2026-01-07 14:25:00,14,0,574,29.05,1,1
2026-01-07 14:30:00,14,1,572,29.0,1,1
2026-01-07 14:35:00,14,0,574,28.92,1,1
2026-01-07 14:40:00,14,1,572,28.9,1,1
2026-01-07 14:45:00,14,1,574,28.84,1,1
2026-01-07 14:50:00,14,1,573,28.86,1,1
2026-01-07 14:55:00,14,1,509,28.93,1,0
2026-01-07 15:00:00,15,1,452,28.89,1,0
2026-01-07 15:05:00,15,1,514,28.91,1,0
2026-01-07 15:10:00,15,1,519,28.98,1,0
2026-01-07 15:15:00,15,1,503,29.13,1,0
2026-01-07 15:20:00,15,1,486,29.09,1,0
2026-01-07 15:25:00,15,1,448,28.94,1,0
2026-01-07 15:30:00,15,0,420,28.9,1,0
2026-01-07 15:35:00,15,0,456,28.8,1,0
2026-01-07 15:40:00,15,1,439,28.92,1,0
2026-01-07 15:45:00,15,0,393,28.87,1,0
2026-01-07 15:50:00,15,1,439,29.06,1,0
2026-01-07 15:55:00,15,0,356,28.9,1,0
2026-01-07 16:00:00,16,1,354,28.94,1,0
2026-01-07 16:05:00,16,0,419,28.82,1,0
2026-01-07 16:10:00,16,0,379,28.86,1,0
2026-01-07 16:15:00,16,0,323,28.72,1,0
2026-01-07 16:20:00,16,1,332,28.73,1,0
2026-01-07 16:25:00,16,1,314,28.75,1,0
2026-01-07 16:30:00,16,1,199,28.88,1,0
2026-01-07 16:35:00,16,0,249,28.87,1,0
2026-01-07 16:40:00,16,0,265,28.77,1,0
2026-01-07 16:45:00,16,0,216,28.55,0,0
2026-01-07 16:50:00,16,1,248,28.36,1,0
2026-01-07 16:55:00,16,1,264,28.38,1,0
2026-01-07 17:00:00,17,1,199,28.35,1,0
2026-01-07 17:05:00,17,1,159,28.45,1,0
2026-01-07 17:10:00,17,1,193,28.36,1,0
2026-01-07 17:15:00,17,1,156,28.36,1,0
2026-01-07 17:20:00,17,0,147,28.23,1,0
2026-01-07 17:25:00,17,1,128,28.19,1,0
2026-01-07 17:30:00,17,1,971,28.12,1,1
2026-01-07 17:35:00,17,1,30,28.06,1,0
2026-01-07 17:40:00,17,0,80,28.01,1,0
2026-01-07 17:45:00,17,0,79,27.99,1,0
2026-01-07 17:50:00,17,1,37,27.95,1,0
2026-01-07 17:55:00,17,1,81,27.93,1,0
2026-01-07 18:00:00,18,1,63,27.88,1,0
2026-01-07 18:05:00,18,1,33,27.88,1,0
2026-01-07 18:10:00,18,1,25,27.76,1,0
2026-01-07 18:15:00,18,1,6,27.6,0,0
2026-01-07 18:20:00,18,0,6,27.52,0,0
2026-01-07 18:25:00,18,1,32,27.47,1,0
2026-01-07 18:30:00,18,0,28,27.46,1,0
2026-01-07 18:35:00,18,1,43,27.29,1,0
2026-01-07 18:40:00,18,0,61,27.12,1,0
2026-01-07 18:45:00,18,0,0,27.08,1,0
2026-01-07 18:50:00,18,0,0,26.97,0,0
2026-01-07 18:55:00,18,1,0,26.84,1,0
2026-01-07 19:00:00,19,1,65,26.74,1,0
2026-01-07 19:05:00,19,0,18,26.64,0,0
2026-01-07 19:10:00,19,0,27,26.6,0,0
2026-01-07 19:15:00,19,1,0,26.32,1,0
2026-01-07 19:20:00,19,1,72,26.27,0,0
2026-01-07 19:25:00,19,1,0,26.21,0,0
2026-01-07 19:30:00,19,0,15,26.12,0,0
2026-01-07 19:35:00,19,0,39,25.87,0,0
2026-01-07 19:40:00,19,1,0,25.55,1,0
2026-01-07 19:45:00,19,1,15,25.48,1,0
2026-01-07 19:50:00,19,1,41,25.41,1,0
2026-01-07 19:55:00,19,1,135,25.42,1,0
2026-01-07 20:00:00,20,1,45,25.26,1,0
2026-01-07 20:05:00,20,0,66,25.3,0,0
2026-01-07 20:10:00,20,1,77,25.32,1,0
2026-01-07 20:15:00,20,1,47,25.33,1,0
2026-01-07 20:20:00,20,1,0,25.2,1,0
2026-01-07 20:25:00,20,1,47,25.17,0,0
2026-01-07 20:30:00,20,0,0,25.11,0,0
2026-01-07 20:35:00,20,0,66,25.03,0,0
2026-01-07 20:40:00,20,0,17,24.73,0,0
2026-01-07 20:45:00,20,0,0,24.55,0,0
2026-01-07 20:50:00,20,0,0,24.32,0,0
2026-01-07 20:55:00,20,0,32,24.16,0,0
2026-01-07 21:00:00,21,0,1,24.02,0,0
2026-01-07 21:05:00,21,0,35,23.9,0,0
2026-01-07 21:10:00,21,1,0,23.78,0,1
2026-01-07 21:15:00,21,0,0,23.54,0,0
2026-01-07 21:20:00,21,0,7,23.35,0,0
2026-01-07 21:25:00,21,0,36,23.3,1,0
2026-01-07 21:30:00,21,0,0,23.23,0,0
2026-01-07 21:35:00,21,0,52,23.2,0,0
2026-01-07 21:40:00,21,0,0,22.94,0,0
2026-01-07 21:45:00,21,1,45,22.99,1,0
2026-01-07 21:50:00,21,1,12,22.9,0,0
2026-01-07 21:55:00,21,1,0,22.99,0,0
2026-01-07 22:00:00,22,1,0,22.82,0,0
2026-01-07 22:05:00,22,1,10,22.79,0,0
2026-01-07 22:10:00,22,1,79,22.69,0,0
2026-01-07 22:15:00,22,1,30,22.59,0,0
2026-01-07 22:20:00,22,0,0,22.53,0,0
2026-01-07 22:25:00,22,0,0,22.33,0,0
2026-01-07 22:30:00,22,1,35,22.27,0,0
2026-01-07 22:35:00,22,0,6,22.08,0,0
2026-01-07 22:40:00,22,0,49,22.05,0,0
2026-01-07 22:45:00,22,1,0,21.87,0,0
2026-01-07 22:50:00,22,1,22,21.77,0,0
2026-01-07 22:55:00,22,1,39,21.58,0,0
2026-01-07 23:00:00,23,1,0,21.54,0,0
2026-01-07 23:05:00,23,1,0,21.46,0,0
2026-01-07 23:10:00,23,1,10,21.41,0,0
2026-01-07 23:15:00,23,1,28,21.32,0,0
2026-01-07 23:20:00,23,1,9,21.26,0,0
2026-01-07 23:25:00,23,1,44,21.18,0,0
2026-01-07 23:30:00,23,1,0,21.1,0,0
2026-01-07 23:35:00,23,1,0,20.98,0,0
2026-01-07 23:40:00,23,1,79,21.06,0,0
2026-01-07 23:45:00,23,1,0,21.05,0,0
2026-01-07 23:50:00,23,1,0,21.05,0,0
2026-01-07 23:55:00,23,1,7,20.92,0,0
2026-01-08 00:00:00,0,0,37,20.75,1,0
2026-01-08 00:05:00,0,0,0,20.59,0,0
2026-01-08 00:10:00,0,0,9,20.49,0,0
2026-01-08 00:15:00,0,0,8,20.46,0,0
2026-01-08 00:20:00,0,0,16,20.52,0,0
2026-01-08 00:25:00,0,0,0,20.49,0,0
2026-01-08 00:30:00,0,0,75,20.55,0,0
2026-01-08 00:35:00,0,0,4,20.45,0,0
2026-01-08 00:40:00,0,0,30,20.41,0,0
2026-01-08 00:45:00,0,0,0,20.31,0,0
2026-01-08 00:50:00,0,0,0,20.34,0,0
2026-01-08 00:55:00,0,0,0,20.24,0,0
2026-01-08 01:00:00,1,0,61,20.22,0,0
2026-01-08 01:05:00,1,0,0,20.12,0,0
2026-01-08 01:10:00,1,0,36,20.15,0,0
2026-01-08 01:15:00,1,0,0,20.0,0,0
2026-01-08 01:20:00,1,0,0,20.0,0,0
2026-01-08 01:25:00,1,0,1,19.87,0,0
2026-01-08 01:30:00,1,0,54,19.86,0,0
2026-01-08 01:35:00,1,0,0,19.82,0,0
2026-01-08 01:40:00,1,0,0,19.77,0,0
2026-01-08 01:45:00,1,0,0,19.63,0,0
2026-01-08 01:50:00,1,0,0,19.41,0,0
2026-01-08 01:55:00,1,0,0,19.46,0,0
2026-01-08 02:00:00,2,0,0,19.63,0,0
2026-01-08 02:05:00,2,0,0,19.86,0,0
2026-01-08 02:10:00,2,0,0,19.77,0,0
2026-01-08 02:15:00,2,0,0,19.62,0,0
2026-01-08 02:20:00,2,0,52,19.49,0,0
2026-01-08 02:25:00,2,0,24,19.48,0,0
2026-01-08 02:30:00,2,0,16,19.48,0,0
2026-01-08 02:35:00,2,1,0,19.57,0,0
2026-01-08 02:40:00,2,0,0,19.67,0,0
2026-01-08 02:45:00,2,0,0,19.73,0,0
2026-01-08 02:50:00,2,1,8,19.64,0,0
2026-01-08 02:55:00,2,1,40,19.46,0,0
2026-01-08 03:00:00,3,0,41,19.51,0,0
2026-01-08 03:05:00,3,0,32,19.52,0,0
2026-01-08 03:10:00,3,0,0,19.57,0,0
2026-01-08 03:15:00,3,0,10,19.52,0,0
2026-01-08 03:20:00,3,0,0,19.49,0,0
2026-01-08 03:25:00,3,0,2,19.52,0,0
2026-01-08 03:30:00,3,0,81,19.43,0,0
2026-01-08 03:35:00,3,0,0,19.52,0,0
2026-01-08 03:40:00,3,0,1,19.52,0,0
2026-01-08 03:45:00,3,0,52,19.67,0,0
2026-01-08 03:50:00,3,0,0,19.62,0,0
2026-01-08 03:55:00,3,0,0,19.64,0,0
2026-01-08 04:00:00,4,0,0,19.54,0,0
2026-01-08 04:05:00,4,0,2,19.61,0,0
2026-01-08 04:10:00,4,0,0,19.59,0,0
2026-01-08 04:15:00,4,0,30,19.66,0,0
2026-01-08 04:20:00,4,1,33,19.64,0,0
2026-01-08 04:25:00,4,0,27,19.72,0,0
2026-01-08 04:30:00,4,0,0,19.69,0,0
2026-01-08 04:35:00,4,0,13,19.71,0,0
2026-01-08 04:40:00,4,0,0,19.78,0,0
2026-01-08 04:45:00,4,0,0,19.88,0,0
2026-01-08 04:50:00,4,0,85,19.92,0,0
2026-01-08 04:55:00,4,0,13,19.93,0,0
2026-01-08 05:00:00,5,0,0,19.98,0,0
2026-01-08 05:05:00,5,0,16,19.99,0,0
2026-01-08 05:10:00,5,0,0,20.02,0,0
2026-01-08 05:15:00,5,0,0,20.12,0,0
2026-01-08 05:20:00,5,0,0,20.17,0,0
2026-01-08 05:25:00,5,0,0,20.2,0,0
2026-01-08 05:30:00,5,0,42,20.13,0,0
2026-01-08 05:35:00,5,0,30,20.29,0,0
2026-01-08 05:40:00,5,0,28,20.35,0,0
2026-01-08 05:45:00,5,0,0,20.44,0,0
2026-01-08 05:50:00,5,1,0,20.45,0,0
2026-01-08 05:55:00,5,1,19,20.45,0,0
2026-01-08 06:00:00,6,0,0,20.5,0,0
2026-01-08 06:05:00,6,0,15,20.49,0,0
2026-01-08 06:10:00,6,0,55,20.56,0,0
2026-01-08 06:15:00,6,0,42,20.74,0,0
2026-01-08 06:20:00,6,0,77,20.84,0,0
2026-01-08 06:25:00,6,0,139,20.98,0,0
2026-01-08 06:30:00,6,0,92,20.94,0,0
2026-01-08 06:35:00,6,0,154,21.08,0,0
2026-01-08 06:40:00,6,0,147,21.08,0,0
2026-01-08 06:45:00,6,0,91,21.19,0,0
2026-01-08 06:50:00,6,0,118,21.23,0,0
2026-01-08 06:55:00,6,0,142,21.47,0,0
2026-01-08 07:00:00,7,0,156,21.58,0,0
2026-01-08 07:05:00,7,0,197,21.62,0,0
2026-01-08 07:10:00,7,0,235,21.61,0,0
2026-01-08 07:15:00,7,0,272,21.76,0,0
2026-01-08 07:20:00,7,0,253,21.79,0,0
2026-01-08 07:25:00,7,0,240,21.79,0,0
2026-01-08 07:30:00,7,0,197,21.75,0,0
2026-01-08 07:35:00,7,0,311,21.94,1,0
2026-01-08 07:40:00,7,0,323,22.13,1,0
2026-01-08 07:45:00,7,0,317,22.24,0,0
2026-01-08 07:50:00,7,0,397,22.45,0,0
2026-01-08 07:55:00,7,0,380,22.48,0,0
2026-01-08 08:00:00,8,1,402,22.66,1,0
2026-01-08 08:05:00,8,1,354,22.81,1,0
2026-01-08 08:10:00,8,1,382,23.09,1,0
2026-01-08 08:15:00,8,1,409,23.26,1,0
2026-01-08 08:20:00,8,1,397,23.35,1,0
2026-01-08 08:25:00,8,1,454,23.55,1,0
2026-01-08 08:30:00,8,0,436,23.73,0,0
2026-01-08 08:35:00,8,0,422,23.94,1,0
2026-01-08 08:40:00,8,0,513,23.97,1,0
2026-01-08 08:45:00,8,1,486,24.17,1,0
2026-01-08 08:50:00,8,1,433,24.34,1,0
2026-01-08 08:55:00,8,1,503,24.63,1,0
2026-01-08 09:00:00,9,1,525,24.83,1,0
2026-01-08 09:05:00,9,0,535,24.89,0,0
2026-01-08 09:10:00,9,1,524,24.89,1,0
2026-01-08 09:15:00,9,0,575,24.84,1,0
2026-01-08 09:20:00,9,1,562,24.94,1,0
2026-01-08 09:25:00,9,0,519,25.06,1,0
2026-01-08 09:30:00,9,1,524,25.17,1,0
2026-01-08 09:35:00,9,1,622,25.21,1,0
2026-01-08 09:40:00,9,0,633,25.31,1,0
2026-01-08 09:45:00,9,1,611,25.46,1,0
2026-01-08 09:50:00,9,0,660,25.65,1,0
2026-01-08 09:55:00,9,1,653,25.83,1,0
2026-01-08 10:00:00,10,1,647,25.99,1,0
2026-01-08 10:05:00,10,1,599,26.15,1,0
2026-01-08 10:10:00,10,0,698,26.28,1,0
2026-01-08 10:15:00,10,1,663,26.35,1,0
2026-01-08 10:20:00,10,0,637,26.48,1,0
2026-01-08 10:25:00,10,0,634,26.58,1,0
2026-01-08 10:30:00,10,0,672,26.68,1,0
2026-01-08 10:35:00,10,0,585,26.66,0,0
2026-01-08 10:40:00,10,0,698,26.6,1,0
2026-01-08 10:45:00,10,0,645,26.59,1,0
2026-01-08 10:50:00,10,1,696,26.61,1,0
2026-01-08 10:55:00,10,1,669,26.73,1,0
2026-01-08 11:00:00,11,1,682,26.78,1,0
2026-01-08 11:05:00,11,1,669,26.86,1,0
2026-01-08 11:10:00,11,0,693,26.79,1,0
2026-01-08 11:15:00,11,1,768,26.98,1,0
2026-01-08 11:20:00,11,1,753,27.05,1,0
2026-01-08 11:25:00,11,1,719,27.27,1,0
2026-01-08 11:30:00,11,1,708,27.32,1,0
2026-01-08 11:35:00,11,1,740,27.46,1,0
2026-01-08 11:40:00,11,0,751,27.62,1,0
2026-01-08 11:45:00,11,1,684,27.6,1,0
2026-01-08 11:50:00,11,1,686,27.73,0,0
2026-01-08 11:55:00,11,0,651,27.73,1,0
2026-01-08 12:00:00,12,1,754,27.83,1,0
2026-01-08 12:05:00,12,1,787,27.84,1,0
2026-01-08 12:10:00,12,1,717,27.79,1,0
2026-01-08 12:15:00,12,0,639,27.82,1,0
2026-01-08 12:20:00,12,0,733,27.88,1,0
2026-01-08 12:25:00,12,1,679,27.9,1,0
2026-01-08 12:30:00,12,1,685,28.0,1,0
2026-01-08 12:35:00,12,1,704,27.97,0,0
2026-01-08 12:40:00,12,1,713,28.17,1,0
2026-01-08 12:45:00,12,1,684,28.07,1,0
2026-01-08 12:50:00,12,0,676,28.22,1,0
2026-01-08 12:55:00,12,1,674,28.14,0,1
2026-01-08 13:00:00,13,1,677,28.24,1,0
2026-01-08 13:05:00,13,0,649,28.1,1,0
2026-01-08 13:10:00,13,0,29,28.12,1,1
2026-01-08 13:15:00,13,1,690,28.2,1,0
2026-01-08 13:20:00,13,1,667,28.25,1,0
2026-01-08 13:25:00,13,0,619,28.38,1,0
2026-01-08 13:30:00,13,1,697,28.36,1,0
2026-01-08 13:35:00,13,0,561,28.43,1,0
2026-01-08 13:40:00,13,1,635,28.44,1,0
2026-01-08 13:45:00,13,1,623,28.56,1,0
2026-01-08 13:50:00,13,0,643,28.64,1,0
2026-01-08 13:55:00,13,1,650,28.74,1,0
2026-01-08 14:00:00,14,1,663,28.82,1,0
2026-01-08 14:05:00,14,1,591,28.95,1,0
2026-01-08 14:10:00,14,1,629,28.96,1,0
2026-01-08 14:15:00,14,1,607,28.89,1,0
2026-01-08 14:20:00,14,1,532,28.86,1,0
2026-01-08 14:25:00,14,1,649,28.91,1,0
2026-01-08 14:30:00,14,1,524,28.91,1,0
2026-01-08 14:35:00,14,1,580,28.87,1,0
2026-01-08 14:40:00,14,0,569,28.82,1,0
2026-01-08 14:45:00,14,1,555,28.89,1,0
2026-01-08 14:50:00,14,1,519,28.91,1,0
2026-01-08 14:55:00,14,1,555,28.98,1,0
2026-01-08 15:00:00,15,1,461,28.92,1,0
2026-01-08 15:05:00,15,0,502,28.88,1,0
2026-01-08 15:10:00,15,1,474,28.82,1,0
2026-01-08 15:15:00,15,1,459,28.89,1,0
2026-01-08 15:20:00,15,0,487,28.89,1,0
2026-01-08 15:25:00,15,0,498,28.87,1,0
2026-01-08 15:30:00,15,0,436,28.85,1,0
2026-01-08 15:35:00,15,0,464,28.9,1,0
2026-01-08 15:40:00,15,0,426,28.92,1,0
2026-01-08 15:45:00,15,0,356,28.85,0,0
2026-01-08 15:50:00,15,1,391,28.89,1,0
2026-01-08 15:55:00,15,1,377,28.84,1,0
2026-01-08 16:00:00,16,1,350,28.82,1,0
2026-01-08 16:05:00,16,1,377,28.73,1,0
2026-01-08 16:10:00,16,1,332,28.64,0,0
2026-01-08 16:15:00,16,0,280,28.68,1,0
2026-01-08 16:20:00,16,0,264,28.57,1,0
2026-01-08 16:25:00,16,0,323,28.58,1,0
2026-01-08 16:30:00,16,1,266,28.49,1,0
2026-01-08 16:35:00,16,1,292,28.56,1,0
2026-01-08 16:40:00,16,1,294,28.55,1,0
2026-01-08 16:45:00,16,1,209,28.57,1,0
2026-01-08 16:50:00,16,0,190,28.48,1,0
2026-01-08 16:55:00,16,0,283,28.44,1,0
2026-01-08 17:00:00,17,0,223,28.38,1,0
2026-01-08 17:05:00,17,0,181,28.44,1,0
2026-01-08 17:10:00,17,0,149,28.41,1,0
2026-01-08 17:15:00,17,1,149,28.4,1,0
2026-01-08 17:20:00,17,1,20,28.29,1,1
2026-01-08 17:25:00,17,1,169,28.17,1,0
2026-01-08 17:30:00,17,1,96,28.17,1,0
2026-01-08 17:35:00,17,1,122,28.06,0,0
2026-01-08 17:40:00,17,1,55,28.04,0,0
2026-01-08 17:45:00,17,0,17,27.76,0,0
2026-01-08 17:50:00,17,1,49,27.67,1,0
2026-01-08 17:55:00,17,0,0,27.57,1,0
2026-01-08 18:00:00,18,0,30,27.47,1,0
2026-01-08 18:05:00,18,1,29,27.5,1,0
2026-01-08 18:10:00,18,0,63,39.79,1,1
2026-01-08 18:15:00,18,1,0,27.41,1,0
2026-01-08 18:20:00,18,1,75,27.28,1,0
2026-01-08 18:25:00,18,1,63,27.27,1,0
2026-01-08 18:30:00,18,0,78,27.21,1,0
2026-01-08 18:35:00,18,1,33,27.2,1,0
2026-01-08 18:40:00,18,1,70,27.2,1,0
2026-01-08 18:45:00,18,0,0,27.33,1,0
2026-01-08 18:50:00,18,0,59,27.32,1,0
2026-01-08 18:55:00,18,0,0,27.32,0,0
2026-01-08 19:00:00,19,1,0,27.16,1,0
2026-01-08 19:05:00,19,1,0,26.93,1,0
2026-01-08 19:10:00,19,0,35,26.88,1,0
2026-01-08 19:15:00,19,0,0,26.69,0,0
2026-01-08 19:20:00,19,0,23,26.7,0,0
2026-01-08 19:25:00,19,1,0,26.4,1,0
2026-01-08 19:30:00,19,1,0,26.36,1,0
2026-01-08 19:35:00,19,1,83,26.18,1,0
2026-01-08 19:40:00,19,1,66,26.12,1,0
2026-01-08 19:45:00,19,1,0,25.94,0,0
2026-01-08 19:50:00,19,1,34,25.92,1,0
2026-01-08 19:55:00,19,1,70,25.83,1,0
2026-01-08 20:00:00,20,1,49,25.85,1,0
2026-01-08 20:05:00,20,0,40,25.62,1,0
2026-01-08 20:10:00,20,0,48,25.47,0,0
2026-01-08 20:15:00,20,0,0,25.32,0,0
2026-01-08 20:20:00,20,0,36,25.35,1,0
2026-01-08 20:25:00,20,1,34,25.36,1,0
2026-01-08 20:30:00,20,1,0,25.23,0,0
2026-01-08 20:35:00,20,0,0,25.05,0,0
2026-01-08 20:40:00,20,0,12,24.85,0,0
2026-01-08 20:45:00,20,0,11,24.59,0,0
2026-01-08 20:50:00,20,1,0,24.49,1,0
2026-01-08 20:55:00,20,0,38,24.28,0,0
2026-01-08 21:00:00,21,0,0,24.18,0,0
2026-01-08 21:05:00,21,0,2,23.95,0,0
2026-01-08 21:10:00,21,0,0,23.86,0,0
2026-01-08 21:15:00,21,0,22,23.83,0,0
2026-01-08 21:20:00,21,0,0,23.68,0,0
2026-01-08 21:25:00,21,0,41,23.49,0,0
2026-01-08 21:30:00,21,0,0,23.31,0,0
2026-01-08 21:35:00,21,0,52,23.19,0,0
2026-01-08 21:40:00,21,0,0,23.02,0,0
2026-01-08 21:45:00,21,0,33,22.9,1,0
2026-01-08 21:50:00,21,1,101,22.9,1,0
2026-01-08 21:55:00,21,1,0,22.89,0,0
2026-01-08 22:00:00,22,0,53,22.79,0,0
2026-01-08 22:05:00,22,0,11,22.58,0,0
2026-01-08 22:10:00,22,0,24,22.54,0,0
2026-01-08 22:15:00,22,1,37,22.52,1,0
2026-01-08 22:20:00,22,1,64,22.62,1,0
2026-01-08 22:25:00,22,1,11,22.68,1,0
2026-01-08 22:30:00,22,1,0,22.65,0,0
2026-01-08 22:35:00,22,0,0,22.59,0,0
2026-01-08 22:40:00,22,0,13,22.44,0,0
2026-01-08 22:45:00,22,0,2,22.4,0,0
2026-01-08 22:50:00,22,0,34,22.3,0,0
2026-01-08 22:55:00,22,0,55,22.08,0,0
2026-01-08 23:00:00,23,0,0,21.98,0,0
2026-01-08 23:05:00,23,0,0,21.89,0,0
2026-01-08 23:10:00,23,0,0,21.87,0,0
2026-01-08 23:15:00,23,0,81,21.72,0,0
2026-01-08 23:20:00,23,0,20,21.53,0,0
2026-01-08 23:25:00,23,0,26,21.36,0,0
2026-01-08 23:30:00,23,0,0,8.29,0,1
2026-01-08 23:35:00,23,0,9,21.14,0,0
2026-01-08 23:40:00,23,0,27,21.0,0,0
2026-01-08 23:45:00,23,0,1,20.96,0,0
2026-01-08 23:50:00,23,0,72,20.96,1,0
2026-01-08 23:55:00,23,0,115,21.04,1,0
2026-01-09 00:00:00,0,1,0,20.94,0,0
2026-01-09 00:05:00,0,0,0,20.85,0,0
2026-01-09 00:10:00,0,0,0,20.79,0,0
2026-01-09 00:15:00,0,1,66,20.75,0,0
2026-01-09 00:20:00,0,1,46,20.68,0,0
2026-01-09 00:25:00,0,0,5,20.54,0,0
2026-01-09 00:30:00,0,0,11,20.57,0,0
2026-01-09 00:35:00,0,0,0,20.55,0,0
2026-01-09 00:40:00,0,0,41,20.48,0,0
2026-01-09 00:45:00,0,0,0,20.42,0,0
2026-01-09 00:50:00,0,0,0,20.32,0,0
2026-01-09 00:55:00,0,0,31,20.29,0,0
2026-01-09 01:00:00,1,0,3,20.13,0,0
2026-01-09 01:05:00,1,0,1,20.0,0,0
2026-01-09 01:10:00,1,0,10,19.9,0,0
2026-01-09 01:15:00,1,0,37,19.85,0,0
2026-01-09 01:20:00,1,1,67,19.85,0,0
2026-01-09 01:25:00,1,0,30,19.86,0,0
2026-01-09 01:30:00,1,0,38,19.84,0,0
2026-01-09 01:35:00,1,0,3,19.78,0,0
2026-01-09 01:40:00,1,0,0,19.72,0,0
2026-01-09 01:45:00,1,0,32,19.83,0,0
2026-01-09 01:50:00,1,0,15,19.78,0,0
2026-01-09 01:55:00,1,0,0,19.74,0,0
2026-01-09 02:00:00,2,0,0,19.76,0,0
2026-01-09 02:05:00,2,0,7,19.79,0,0
2026-01-09 02:10:00,2,0,0,19.73,0,0
2026-01-09 02:15:00,2,0,61,19.59,0,0
2026-01-09 02:20:00,2,0,26,19.51,0,0
2026-01-09 02:25:00,2,0,58,19.6,0,0
2026-01-09 02:30:00,2,0,19,19.54,0,0
2026-01-09 02:35:00,2,1,12,19.55,0,0
2026-01-09 02:40:00,2,1,0,19.57,0,0
2026-01-09 02:45:00,2,1,10,19.6,0,0
2026-01-09 02:50:00,2,1,10,19.67,0,0
2026-01-09 02:55:00,2,1,0,29.85,0,1
2026-01-09 03:00:00,3,0,0,19.55,0,0
2026-01-09 03:05:00,3,0,0,19.53,0,0
2026-01-09 03:10:00,3,0,24,19.57,0,0
2026-01-09 03:15:00,3,0,26,19.6,0,0
2026-01-09 03:20:00,3,0,0,19.67,0,0
2026-01-09 03:25:00,3,0,26,19.66,0,0
2026-01-09 03:30:00,3,1,3,19.67,0,0
2026-01-09 03:35:00,3,1,0,19.6,0,0
2026-01-09 03:40:00,3,1,0,19.58,0,0
2026-01-09 03:45:00,3,1,47,19.52,0,0
2026-01-09 03:50:00,3,0,0,19.52,0,0
2026-01-09 03:55:00,3,0,13,19.54,0,0
2026-01-09 04:00:00,4,0,65,19.6,0,0
2026-01-09 04:05:00,4,0,0,19.64,0,0
2026-01-09 04:10:00,4,0,10,19.66,0,0
2026-01-09 04:15:00,4,0,0,19.74,0,0
2026-01-09 04:20:00,4,0,66,19.79,0,0
2026-01-09 04:25:00,4,0,7,19.82,0,0
2026-01-09 04:30:00,4,0,11,19.75,0,0
2026-01-09 04:35:00,4,0,57,19.83,0,0
2026-01-09 04:40:00,4,0,33,19.85,0,0
2026-01-09 04:45:00,4,0,0,19.95,0,0
2026-01-09 04:50:00,4,0,0,19.88,0,0
2026-01-09 04:55:00,4,0,27,19.91,0,0
2026-01-09 05:00:00,5,0,0,20.03,0,0
2026-01-09 05:05:00,5,0,0,20.2,1,0
2026-01-09 05:10:00,5,1,33,20.37,1,0
2026-01-09 05:15:00,5,1,0,20.42,0,0
2026-01-09 05:20:00,5,1,66,20.47,0,0
2026-01-09 05:25:00,5,0,16,20.5,0,0
2026-01-09 05:30:00,5,0,0,20.55,0,0
2026-01-09 05:35:00,5,0,0,20.59,0,0
2026-01-09 05:40:00,5,0,0,20.62,0,0
2026-01-09 05:45:00,5,0,0,20.69,0,0
2026-01-09 05:50:00,5,0,45,20.74,0,0
2026-01-09 05:55:00,5,0,88,20.85,0,0
2026-01-09 06:00:00,6,0,35,20.87,0,0
2026-01-09 06:05:00,6,0,21,20.92,0,0
2026-01-09 06:10:00,6,0,24,20.82,0,0
2026-01-09 06:15:00,6,0,20,20.8,0,0
2026-01-09 06:20:00,6,1,166,20.8,1,0
2026-01-09 06:25:00,6,1,102,20.95,1,0
2026-01-09 06:30:00,6,1,197,21.22,1,0
2026-01-09 06:35:00,6,1,187,21.39,1,0
2026-01-09 06:40:00,6,0,92,21.6,1,0
2026-01-09 06:45:00,6,0,119,21.77,0,0
2026-01-09 06:50:00,6,0,133,21.9,0,0
2026-01-09 06:55:00,6,0,168,22.0,0,0
2026-01-09 07:00:00,7,1,208,22.0,1,0
2026-01-09 07:05:00,7,1,330,22.23,1,0
2026-01-09 07:10:00,7,0,201,22.48,1,0
2026-01-09 07:15:00,7,1,261,22.77,1,0
2026-01-09 07:20:00,7,1,289,22.92,1,0
2026-01-09 07:25:00,7,1,256,22.96,0,0
2026-01-09 07:30:00,7,1,274,22.89,0,0
2026-01-09 07:35:00,7,1,272,22.82,1,0
2026-01-09 07:40:00,7,0,326,22.92,1,0
2026-01-09 07:45:00,7,0,353,23.11,1,0
2026-01-09 07:50:00,7,1,360,23.28,1,0
2026-01-09 07:55:00,7,0,382,23.43,1,0
2026-01-09 08:00:00,8,1,424,23.54,1,0
2026-01-09 08:05:00,8,1,420,23.65,1,0
2026-01-09 08:10:00,8,0,402,23.74,1,0
2026-01-09 08:15:00,8,0,371,23.82,1,0
2026-01-09 08:20:00,8,1,379,23.87,0,1
2026-01-09 08:25:00,8,1,429,23.87,1,0
2026-01-09 08:30:00,8,1,457,8.53,1,1
2026-01-09 08:35:00,8,1,443,24.14,1,0
2026-01-09 08:40:00,8,1,414,24.3,0,0
2026-01-09 08:45:00,8,0,441,24.38,1,0
2026-01-09 08:50:00,8,1,436,24.47,1,0
2026-01-09 08:55:00,8,1,497,24.56,1,0
2026-01-09 09:00:00,9,1,439,24.68,0,0
2026-01-09 09:05:00,9,1,491,24.68,1,0
2026-01-09 09:10:00,9,1,522,24.69,1,0
2026-01-09 09:15:00,9,0,474,24.71,0,0
2026-01-09 09:20:00,9,1,569,24.75,1,0
2026-01-09 09:25:00,9,1,591,24.9,1,0
2026-01-09 09:30:00,9,1,555,24.98,1,0
2026-01-09 09:35:00,9,1,568,25.17,1,0
2026-01-09 09:40:00,9,0,610,25.26,1,0
2026-01-09 09:45:00,9,1,575,25.48,1,0
2026-01-09 09:50:00,9,1,581,25.51,1,0
2026-01-09 09:55:00,9,1,658,25.58,1,0
2026-01-09 10:00:00,10,0,654,25.67,1,0
2026-01-09 10:05:00,10,0,652,25.91,1,0
2026-01-09 10:10:00,10,1,670,26.16,1,0
2026-01-09 10:15:00,10,1,575,26.26,1,0
2026-01-09 10:20:00,10,1,698,26.42,1,0
2026-01-09 10:25:00,10,0,646,26.41,0,0
2026-01-09 10:30:00,10,0,673,26.46,0,0
2026-01-09 10:35:00,10,1,682,26.32,1,0
2026-01-09 10:40:00,10,0,675,26.39,1,0
2026-01-09 10:45:00,10,0,669,26.3,1,0
2026-01-09 10:50:00,10,1,696,26.37,1,0
2026-01-09 10:55:00,10,1,676,26.45,1,0
2026-01-09 11:00:00,11,1,722,26.58,1,0
2026-01-09 11:05:00,11,1,639,26.73,1,0
2026-01-09 11:10:00,11,1,679,26.83,1,0
2026-01-09 11:15:00,11,0,773,26.94,1,0
2026-01-09 11:20:00,11,0,682,26.94,1,0
2026-01-09 11:25:00,11,1,698,26.99,1,0
2026-01-09 11:30:00,11,1,678,27.12,1,0
2026-01-09 11:35:00,11,1,722,27.32,1,0
2026-01-09 11:40:00,11,1,686,27.46,1,0
2026-01-09 11:45:00,11,0,707,27.56,1,0
2026-01-09 11:50:00,11,1,744,27.71,1,0
2026-01-09 11:55:00,11,1,690,27.73,1,0
2026-01-09 12:00:00,12,1,742,27.88,1,0
2026-01-09 12:05:00,12,1,743,27.81,1,0
2026-01-09 12:10:00,12,1,726,27.87,0,0
2026-01-09 12:15:00,12,0,718,27.88,1,0
2026-01-09 12:20:00,12,0,825,28.0,1,0
2026-01-09 12:25:00,12,1,747,28.03,1,0
2026-01-09 12:30:00,12,0,695,28.02,0,0
2026-01-09 12:35:00,12,1,676,27.99,1,0
2026-01-09 12:40:00,12,0,676,27.96,0,0
2026-01-09 12:45:00,12,1,751,27.97,1,0
2026-01-09 12:50:00,12,1,758,28.05,1,0
2026-01-09 12:55:00,12,0,747,28.15,1,0
2026-01-09 13:00:00,13,1,719,28.19,1,0
2026-01-09 13:05:00,13,1,643,28.17,1,0
2026-01-09 13:10:00,13,1,700,28.16,1,0
2026-01-09 13:15:00,13,1,635,28.24,1,0
2026-01-09 13:20:00,13,1,621,28.24,1,0
2026-01-09 13:25:00,13,1,677,28.32,1,0
2026-01-09 13:30:00,13,0,681,28.48,1,0
2026-01-09 13:35:00,13,1,689,28.59,1,0
2026-01-09 13:40:00,13,1,668,28.7,1,0
2026-01-09 13:45:00,13,1,663,28.72,1,0
2026-01-09 13:50:00,13,0,603,28.76,1,0
2026-01-09 13:55:00,13,1,627,28.8,1,0
2026-01-09 14:00:00,14,1,571,28.83,1,0
2026-01-09 14:05:00,14,1,546,28.91,1,0
2026-01-09 14:10:00,14,0,634,28.87,1,0
2026-01-09 14:15:00,14,0,574,28.86,1,0
2026-01-09 14:20:00,14,1,622,28.85,1,0
2026-01-09 14:25:00,14,0,622,29.02,1,0
2026-01-09 14:30:00,14,0,527,28.94,0,0
2026-01-09 14:35:00,14,1,560,28.94,0,0
2026-01-09 14:40:00,14,1,507,28.84,0,0
2026-01-09 14:45:00,14,1,481,28.75,1,0
2026-01-09 14:50:00,14,1,540,28.65,1,0
2026-01-09 14:55:00,14,1,509,28.59,1,0
2026-01-09 15:00:00,15,1,500,28.59,1,0
2026-01-09 15:05:00,15,1,574,28.61,1,0
2026-01-09 15:10:00,15,1,440,28.58,1,0
2026-01-09 15:15:00,15,0,496,28.61,1,0
2026-01-09 15:20:00,15,0,437,28.59,1,0
2026-01-09 15:25:00,15,0,467,28.56,0,0
2026-01-09 15:30:00,15,1,459,28.57,1,0
2026-01-09 15:35:00,15,1,450,28.57,1,0
2026-01-09 15:40:00,15,1,391,28.65,1,0
2026-01-09 15:45:00,15,1,385,28.71,1,0
2026-01-09 15:50:00,15,1,432,28.76,1,0
2026-01-09 15:55:00,15,0,449,28.75,1,0
2026-01-09 16:00:00,16,1,391,28.75,1,0
2026-01-09 16:05:00,16,1,330,28.64,1,0
2026-01-09 16:10:00,16,1,360,28.6,1,0
2026-01-09 16:15:00,16,0,420,28.55,1,0
2026-01-09 16:20:00,16,1,325,28.57,1,0
2026-01-09 16:25:00,16,0,360,28.7,1,0
2026-01-09 16:30:00,16,1,269,28.73,1,0
2026-01-09 16:35:00,16,1,279,28.79,1,0
2026-01-09 16:40:00,16,1,289,28.65,1,0
2026-01-09 16:45:00,16,1,267,28.61,1,0
2026-01-09 16:50:00,16,0,212,28.5,1,0
2026-01-09 16:55:00,16,1,196,28.48,1,0
2026-01-09 17:00:00,17,0,245,28.39,1,0
2026-01-09 17:05:00,17,1,238,28.39,1,0
2026-01-09 17:10:00,17,0,235,28.23,1,0
2026-01-09 17:15:00,17,0,230,28.17,1,0
2026-01-09 17:20:00,17,1,157,28.21,1,0
2026-01-09 17:25:00,17,1,127,28.33,1,0
2026-01-09 17:30:00,17,0,171,28.41,1,0
2026-01-09 17:35:00,17,1,133,28.35,1,0
2026-01-09 17:40:00,17,1,34,28.25,0,1
2026-01-09 17:45:00,17,1,43,28.06,1,0
2026-01-09 17:50:00,17,1,81,27.84,1,0
2026-01-09 17:55:00,17,1,18,27.76,0,0
2026-01-09 18:00:00,18,0,34,27.69,1,0
2026-01-09 18:05:00,18,0,72,27.76,1,0
2026-01-09 18:10:00,18,1,36,27.58,0,0
2026-01-09 18:15:00,18,0,56,27.53,0,0
2026-01-09 18:20:00,18,0,0,27.25,1,0
2026-01-09 18:25:00,18,1,43,27.23,1,0
2026-01-09 18:30:00,18,1,59,12.85,1,1
2026-01-09 18:35:00,18,0,0,27.04,1,0
2026-01-09 18:40:00,18,0,0,26.87,0,0
2026-01-09 18:45:00,18,0,0,26.63,0,0
2026-01-09 18:50:00,18,0,35,26.5,1,0
2026-01-09 18:55:00,18,1,91,26.49,1,0
2026-01-09 19:00:00,19,0,105,26.5,1,0
2026-01-09 19:05:00,19,0,0,26.48,0,0
2026-01-09 19:10:00,19,0,53,26.4,1,0
2026-01-09 19:15:00,19,0,29,26.24,0,0
2026-01-09 19:20:00,19,0,23,26.23,0,0
2026-01-09 19:25:00,19,1,48,26.06,1,0
2026-01-09 19:30:00,19,1,45,26.06,1,0
2026-01-09 19:35:00,19,0,69,25.9,0,0
2026-01-09 19:40:00,19,1,73,25.91,1,0
2026-01-09 19:45:00,19,1,0,25.84,1,0
2026-01-09 19:50:00,19,1,37,25.66,0,0
2026-01-09 19:55:00,19,1,41,25.47,0,0
2026-01-09 20:00:00,20,1,21,25.28,0,0
2026-01-09 20:05:00,20,0,49,25.16,0,0
2026-01-09 20:10:00,20,0,41,25.04,1,0
2026-01-09 20:15:00,20,0,17,24.93,0,0
2026-01-09 20:20:00,20,0,14,24.83,0,0
2026-01-09 20:25:00,20,0,0,24.73,0,0
2026-01-09 20:30:00,20,0,7,24.55,0,0
2026-01-09 20:35:00,20,0,0,24.42,0,0
2026-01-09 20:40:00,20,1,0,24.24,1,0
2026-01-09 20:45:00,20,1,60,24.2,0,0
2026-01-09 20:50:00,20,1,27,24.09,0,0
2026-01-09 20:55:00,20,1,8,23.99,0,0
2026-01-09 21:00:00,21,0,0,23.82,0,0
2026-01-09 21:05:00,21,0,20,23.76,0,0
2026-01-09 21:10:00,21,0,44,23.69,0,0
2026-01-09 21:15:00,21,0,0,23.62,0,0
2026-01-09 21:20:00,21,0,9,23.5,0,0
2026-01-09 21:25:00,21,0,40,23.37,0,0
2026-01-09 21:30:00,21,0,0,23.19,0,0
2026-01-09 21:35:00,21,0,7,23.02,0,0
2026-01-09 21:40:00,21,0,0,22.85,0,0
2026-01-09 21:45:00,21,0,5,22.76,0,0
2026-01-09 21:50:00,21,0,0,22.62,0,0
2026-01-09 21:55:00,21,1,14,22.45,0,0
2026-01-09 22:00:00,22,0,77,22.34,0,0
2026-01-09 22:05:00,22,0,0,22.29,0,0
2026-01-09 22:10:00,22,0,20,22.3,0,0
2026-01-09 22:15:00,22,1,79,22.24,0,0
2026-01-09 22:20:00,22,1,0,22.18,0,0
2026-01-09 22:25:00,22,0,73,22.07,0,0
2026-01-09 22:30:00,22,0,10,22.09,0,0
2026-01-09 22:35:00,22,0,72,21.99,0,0
2026-01-09 22:40:00,22,0,36,21.97,0,0
2026-01-09 22:45:00,22,1,45,21.89,1,0
2026-01-09 22:50:00,22,0,32,21.83,1,0
2026-01-09 22:55:00,22,0,13,21.84,1,0
2026-01-09 23:00:00,23,0,12,21.77,0,0
2026-01-09 23:05:00,23,1,41,21.8,0,0
2026-01-09 23:10:00,23,1,9,21.7,0,0
2026-01-09 23:15:00,23,0,0,21.7,0,0
2026-01-09 23:20:00,23,0,1,21.57,0,0
2026-01-09 23:25:00,23,0,44,21.53,0,0
2026-01-09 23:30:00,23,0,52,21.47,0,0
2026-01-09 23:35:00,23,1,0,21.52,0,0
2026-01-09 23:40:00,23,0,0,21.41,0,0
2026-01-09 23:45:00,23,0,23,21.27,0,0
2026-01-09 23:50:00,23,0,63,21.08,0,0
2026-01-09 23:55:00,23,1,50,21.01,0,0
2026-01-10 00:00:00,0,1,0,20.79,0,0
2026-01-10 00:05:00,0,0,0,20.63,0,0
2026-01-10 00:10:00,0,0,0,20.63,0,0
2026-01-10 00:15:00,0,0,0,20.63,0,0
2026-01-10 00:20:00,0,0,66,20.53,0,0
2026-01-10 00:25:00,0,0,0,20.3,0,0
2026-01-10 00:30:00,0,0,0,20.12,0,0
2026-01-10 00:35:00,0,0,0,20.17,0,0
2026-01-10 00:40:00,0,0,20,20.19,0,0
2026-01-10 00:45:00,0,0,31,20.23,0,0
2026-01-10 00:50:00,0,0,25,20.15,0,0
2026-01-10 00:55:00,0,0,51,20.1,0,0
2026-01-10 01:00:00,1,0,0,20.02,0,0
2026-01-10 01:05:00,1,0,51,19.93,0,0
2026-01-10 01:10:00,1,0,0,19.83,0,0
2026-01-10 01:15:00,1,0,35,19.84,0,0
2026-01-10 01:20:00,1,0,0,19.85,0,0
2026-01-10 01:25:00,1,0,10,19.76,0,0
2026-01-10 01:30:00,1,0,18,19.77,0,0
2026-01-10 01:35:00,1,0,50,19.75,0,0
2026-01-10 01:40:00,1,0,0,19.8,0,0
2026-01-10 01:45:00,1,0,11,19.77,0,0
2026-01-10 01:50:00,1,0,0,19.76,0,0
2026-01-10 01:55:00,1,0,27,19.63,0,0
2026-01-10 02:00:00,2,0,37,19.62,0,0
2026-01-10 02:05:00,2,0,55,19.57,0,0
2026-01-10 02:10:00,2,0,0,19.62,0,0
2026-01-10 02:15:00,2,0,42,19.62,0,0
2026-01-10 02:20:00,2,1,57,19.59,0,0
2026-01-10 02:25:00,2,0,0,19.65,0,0
2026-01-10 02:30:00,2,0,31,19.65,0,0
2026-01-10 02:35:00,2,0,43,19.71,0,0
2026-01-10 02:40:00,2,0,0,19.59,0,0
2026-01-10 02:45:00,2,0,0,19.4,0,0
2026-01-10 02:50:00,2,0,43,19.4,0,0
2026-01-10 02:55:00,2,0,0,19.45,0,0
2026-01-10 03:00:00,3,0,3,19.52,0,0
2026-01-10 03:05:00,3,0,8,19.53,0,0
2026-01-10 03:10:00,3,0,35,19.48,0,0
2026-01-10 03:15:00,3,1,0,19.5,0,0
2026-01-10 03:20:00,3,0,0,19.47,0,0
2026-01-10 03:25:00,3,0,13,19.47,0,0
2026-01-10 03:30:00,3,0,45,19.49,0,0
2026-01-10 03:35:00,3,0,90,19.53,0,0
2026-01-10 03:40:00,3,0,0,19.61,0,0
2026-01-10 03:45:00,3,0,21,19.69,0,0
2026-01-10 03:50:00,3,0,0,19.71,0,0
2026-01-10 03:55:00,3,0,45,19.71,0,0
2026-01-10 04:00:00,4,0,0,19.56,0,0
2026-01-10 04:05:00,4,0,0,19.47,0,0
2026-01-10 04:10:00,4,0,0,19.53,0,0
2026-01-10 04:15:00,4,0,7,19.59,0,0
2026-01-10 04:20:00,4,0,21,19.66,0,0
2026-01-10 04:25:00,4,0,26,19.66,0,0
2026-01-10 04:30:00,4,0,9,19.85,0,0
2026-01-10 04:35:00,4,0,0,19.87,0,0
2026-01-10 04:40:00,4,0,35,19.85,0,0
2026-01-10 04:45:00,4,0,8,19.81,0,0
2026-01-10 04:50:00,4,0,50,19.9,0,0
2026-01-10 04:55:00,4,0,0,19.96,0,0
2026-01-10 05:00:00,5,0,0,6.4,0,1
2026-01-10 05:05:00,5,0,8,20.04,0,0
2026-01-10 05:10:00,5,0,55,20.1,0,0
2026-01-10 05:15:00,5,0,15,20.12,0,0
2026-01-10 05:20:00,5,0,3,20.18,0,0
2026-01-10 05:25:00,5,0,0,20.27,0,0
2026-01-10 05:30:00,5,0,71,20.3,0,0
2026-01-10 05:35:00,5,1,0,20.42,0,0
2026-01-10 05:40:00,5,1,0,20.44,0,0
2026-01-10 05:45:00,5,1,29,20.5,0,0
2026-01-10 05:50:00,5,1,0,20.49,0,0
2026-01-10 05:55:00,5,0,54,20.51,0,0
2026-01-10 06:00:00,6,0,31,20.61,0,0
2026-01-10 06:05:00,6,0,56,20.73,0,0
2026-01-10 06:10:00,6,0,991,20.78,0,1
2026-01-10 06:15:00,6,0,48,20.79,0,0
2026-01-10 06:20:00,6,0,32,20.7,0,0
2026-01-10 06:25:00,6,0,79,20.79,0,0
2026-01-10 06:30:00,6,0,64,20.9,0,0
2026-01-10 06:35:00,6,0,130,21.08,0,0
2026-01-10 06:40:00,6,0,156,21.18,0,0
2026-01-10 06:45:00,6,0,194,21.05,0,0
2026-01-10 06:50:00,6,0,170,21.11,0,0
2026-01-10 06:55:00,6,0,203,21.2,0,0
2026-01-10 07:00:00,7,0,175,21.45,0,0
2026-01-10 07:05:00,7,0,183,21.59,0,0
2026-01-10 07:10:00,7,0,231,21.64,0,0
2026-01-10 07:15:00,7,0,240,21.72,1,0
2026-01-10 07:20:00,7,1,276,21.77,1,0
2026-01-10 07:25:00,7,1,219,21.93,0,0
2026-01-10 07:30:00,7,1,239,22.0,0,0
2026-01-10 07:35:00,7,1,306,22.05,0,0
2026-01-10 07:40:00,7,0,328,22.09,0,0
2026-01-10 07:45:00,7,0,276,22.31,0,0
2026-01-10 07:50:00,7,0,347,22.47,0,0
2026-01-10 07:55:00,7,0,318,22.62,0,0
2026-01-10 08:00:00,8,1,375,22.64,1,0
2026-01-10 08:05:00,8,0,437,22.74,1,0
2026-01-10 08:10:00,8,1,428,22.98,1,0
2026-01-10 08:15:00,8,0,440,23.07,1,0
2026-01-10 08:20:00,8,1,491,23.26,1,0
2026-01-10 08:25:00,8,0,412,23.33,1,0
2026-01-10 08:30:00,8,0,414,23.62,1,0
2026-01-10 08:35:00,8,0,435,23.83,1,0
2026-01-10 08:40:00,8,1,463,23.95,1,0
2026-01-10 08:45:00,8,0,400,24.11,1,0
2026-01-10 08:50:00,8,1,487,24.32,1,0
2026-01-10 08:55:00,8,0,486,24.58,1,0
2026-01-10 09:00:00,9,1,543,24.84,1,0
2026-01-10 09:05:00,9,1,513,24.91,0,0
2026-01-10 09:10:00,9,1,490,24.97,0,0
2026-01-10 09:15:00,9,1,541,24.89,0,0
2026-01-10 09:20:00,9,1,556,24.96,0,0
2026-01-10 09:25:00,9,0,513,24.9,0,0
2026-01-10 09:30:00,9,0,532,24.89,0,0
2026-01-10 09:35:00,9,0,480,24.8,0,0
2026-01-10 09:40:00,9,0,528,24.79,0,0
2026-01-10 09:45:00,9,0,549,24.63,0,0
2026-01-10 09:50:00,9,0,586,24.47,0,0
2026-01-10 09:55:00,9,1,583,24.47,1,0
2026-01-10 10:00:00,10,0,605,24.61,1,0
2026-01-10 10:05:00,10,0,588,24.89,1,0
2026-01-10 10:10:00,10,0,644,25.01,1,0
2026-01-10 10:15:00,10,1,659,25.27,1,0
2026-01-10 10:20:00,10,1,665,25.44,1,0
2026-01-10 10:25:00,10,0,657,25.69,1,0
2026-01-10 10:30:00,10,0,584,25.81,0,0
2026-01-10 10:35:00,10,0,647,26.08,1,0
2026-01-10 10:40:00,10,1,659,26.21,1,0
2026-01-10 10:45:00,10,0,639,26.31,0,0
2026-01-10 10:50:00,10,0,661,26.27,0,0
2026-01-10 10:55:00,10,1,712,26.4,0,0
2026-01-10 11:00:00,11,0,695,26.45,0,0
2026-01-10 11:05:00,11,0,635,26.5,0,0
2026-01-10 11:10:00,11,0,697,26.52,0,0
2026-01-10 11:15:00,11,0,699,26.47,0,0
2026-01-10 11:20:00,11,1,676,26.37,1,0
2026-01-10 11:25:00,11,1,736,26.24,1,0
2026-01-10 11:30:00,11,1,678,26.24,0,0
2026-01-10 11:35:00,11,1,636,26.31,0,0
2026-01-10 11:40:00,11,1,703,26.29,0,0
2026-01-10 11:45:00,11,0,696,26.29,0,0
2026-01-10 11:50:00,11,1,706,26.31,1,0
2026-01-10 11:55:00,11,1,713,26.56,1,0
2026-01-10 12:00:00,12,1,689,26.79,1,0
2026-01-10 12:05:00,12,1,711,26.99,0,0
2026-01-10 12:10:00,12,1,687,27.06,0,0
2026-01-10 12:15:00,12,0,694,27.12,0,0
2026-01-10 12:20:00,12,0,699,27.17,0,0
2026-01-10 12:25:00,12,1,670,27.18,1,0
2026-01-10 12:30:00,12,0,677,27.22,1,0
2026-01-10 12:35:00,12,0,604,27.33,0,0
2026-01-10 12:40:00,12,0,699,27.43,0,0
2026-01-10 12:45:00,12,0,634,27.48,0,0
2026-01-10 12:50:00,12,1,703,27.49,1,0
2026-01-10 12:55:00,12,1,708,27.57,1,0
2026-01-10 13:00:00,13,0,687,27.54,0,0
2026-01-10 13:05:00,13,1,645,27.62,1,0
2026-01-10 13:10:00,13,1,681,27.65,1,0
2026-01-10 13:15:00,13,1,712,27.77,0,0
2026-01-10 13:20:00,13,0,733,27.83,1,0
2026-01-10 13:25:00,13,0,703,27.87,1,0
2026-01-10 13:30:00,13,1,675,27.95,1,0
2026-01-10 13:35:00,13,0,622,28.0,1,0
2026-01-10 13:40:00,13,0,651,28.06,0,0
2026-01-10 13:45:00,13,0,614,28.17,0,0
2026-01-10 13:50:00,13,0,632,28.29,0,0
2026-01-10 13:55:00,13,0,584,28.29,0,0
2026-01-10 14:00:00,14,0,617,28.13,1,0
2026-01-10 14:05:00,14,1,622,28.13,1,0
2026-01-10 14:10:00,14,1,617,28.13,1,0
2026-01-10 14:15:00,14,0,592,28.31,0,0
2026-01-10 14:20:00,14,1,571,28.29,1,0
2026-01-10 14:25:00,14,0,536,28.33,1,0
2026-01-10 14:30:00,14,1,631,28.31,1,0
2026-01-10 14:35:00,14,0,627,28.28,0,0
2026-01-10 14:40:00,14,1,571,28.37,1,0
2026-01-10 14:45:00,14,1,499,28.42,1,0
2026-01-10 14:50:00,14,1,509,28.61,1,0
2026-01-10 14:55:00,14,0,544,28.72,1,0
2026-01-10 15:00:00,15,1,562,28.84,1,0
2026-01-10 15:05:00,15,1,462,28.74,1,0
2026-01-10 15:10:00,15,0,490,28.75,1,0
2026-01-10 15:15:00,15,1,490,28.73,1,0
2026-01-10 15:20:00,15,1,477,28.85,0,0
2026-01-10 15:25:00,15,1,423,28.7,0,0
2026-01-10 15:30:00,15,0,369,28.53,0,0
2026-01-10 15:35:00,15,0,433,28.5,0,0
2026-01-10 15:40:00,15,0,439,28.4,0,0
2026-01-10 15:45:00,15,0,384,28.42,0,0
2026-01-10 15:50:00,15,0,389,28.19,0,0
2026-01-10 15:55:00,15,1,371,28.11,1,0
2026-01-10 16:00:00,16,1,345,27.99,1,0
2026-01-10 16:05:00,16,1,397,27.9,1,0
2026-01-10 16:10:00,16,1,362,27.9,1,0
2026-01-10 16:15:00,16,0,352,27.82,1,0
2026-01-10 16:20:00,16,1,374,27.88,1,0
2026-01-10 16:25:00,16,1,271,27.98,1,0
2026-01-10 16:30:00,16,0,275,28.14,1,0
2026-01-10 16:35:00,16,0,286,28.18,1,0
2026-01-10 16:40:00,16,0,222,28.23,0,0
2026-01-10 16:45:00,16,0,255,28.22,0,0
2026-01-10 16:50:00,16,0,207,28.23,0,0
2026-01-10 16:55:00,16,1,190,28.18,1,0
2026-01-10 17:00:00,17,1,213,28.13,1,0
2026-01-10 17:05:00,17,1,202,28.06,1,0
2026-01-10 17:10:00,17,1,214,28.07,1,0
2026-01-10 17:15:00,17,1,156,27.99,0,0
2026-01-10 17:20:00,17,0,144,27.91,0,0
2026-01-10 17:25:00,17,1,149,27.67,1,0
2026-01-10 17:30:00,17,1,92,27.59,0,0
2026-01-10 17:35:00,17,0,58,27.44,0,0
2026-01-10 17:40:00,17,0,104,27.28,1,0
2026-01-10 17:45:00,17,1,67,27.18,1,0
2026-01-10 17:50:00,17,1,123,27.34,1,0
2026-01-10 17:55:00,17,1,71,27.44,0,0
2026-01-10 18:00:00,18,1,32,27.36,0,0
2026-01-10 18:05:00,18,0,23,27.18,0,0
2026-01-10 18:10:00,18,0,6,26.98,0,0
2026-01-10 18:15:00,18,0,0,26.84,0,0
2026-01-10 18:20:00,18,0,2,26.65,0,0
2026-01-10 18:25:00,18,1,38,26.57,1,0
2026-01-10 18:30:00,18,1,18,26.47,0,0
2026-01-10 18:35:00,18,1,26,26.41,0,0
2026-01-10 18:40:00,18,0,42,26.3,0,0
2026-01-10 18:45:00,18,0,0,26.1,0,0
2026-01-10 18:50:00,18,1,11,25.94,1,0
2026-01-10 18:55:00,18,1,60,25.79,0,0
2026-01-10 19:00:00,19,0,36,25.85,0,0
2026-01-10 19:05:00,19,0,0,25.69,0,0
2026-01-10 19:10:00,19,0,6,25.61,0,0
2026-01-10 19:15:00,19,0,6,25.46,0,0
2026-01-10 19:20:00,19,0,11,25.52,0,0
2026-01-10 19:25:00,19,0,26,25.42,0,0
2026-01-10 19:30:00,19,1,98,25.41,0,0
2026-01-10 19:35:00,19,1,16,25.28,0,0
2026-01-10 19:40:00,19,1,33,25.18,0,0
2026-01-10 19:45:00,19,0,0,25.02,0,0
2026-01-10 19:50:00,19,0,0,24.84,0,0
2026-01-10 19:55:00,19,0,53,24.78,0,0
2026-01-10 20:00:00,20,0,24,24.58,0,0
2026-01-10 20:05:00,20,0,0,24.47,0,0
2026-01-10 20:10:00,20,0,33,24.37,0,0
2026-01-10 20:15:00,20,0,77,24.41,0,0
2026-01-10 20:20:00,20,0,0,24.25,0,0
2026-01-10 20:25:00,20,0,63,24.21,0,0
2026-01-10 20:30:00,20,0,966,24.06,0,1
2026-01-10 20:35:00,20,0,42,23.99,0,0
2026-01-10 20:40:00,20,0,9,23.68,0,0
2026-01-10 20:45:00,20,0,0,23.53,0,0
2026-01-10 20:50:00,20,0,25,23.53,0,0
2026-01-10 20:55:00,20,0,50,23.59,0,0
2026-01-10 21:00:00,21,0,22,23.61,0,0
2026-01-10 21:05:00,21,0,30,23.5,0,0
2026-01-10 21:10:00,21,0,0,23.36,0,0
2026-01-10 21:15:00,21,0,0,23.22,0,0
2026-01-10 21:20:00,21,0,34,23.16,0,0
2026-01-10 21:25:00,21,0,71,23.14,0,0
2026-01-10 21:30:00,21,0,49,23.04,0,0
2026-01-10 21:35:00,21,0,0,23.0,0,0
2026-01-10 21:40:00,21,0,0,22.87,0,0
2026-01-10 21:45:00,21,0,0,22.78,0,0
2026-01-10 21:50:00,21,0,0,22.62,0,0
2026-01-10 21:55:00,21,0,11,22.62,0,0
2026-01-10 22:00:00,22,0,23,22.57,0,0
2026-01-10 22:05:00,22,0,0,22.48,0,0
2026-01-10 22:10:00,22,0,37,22.39,0,0
2026-01-10 22:15:00,22,0,31,22.42,0,0
2026-01-10 22:20:00,22,0,0,22.38,0,0
2026-01-10 22:25:00,22,0,3,22.31,0,0
2026-01-10 22:30:00,22,0,0,22.17,0,0
2026-01-10 22:35:00,22,0,0,22.05,0,0
2026-01-10 22:40:00,22,0,10,21.91,0,0
2026-01-10 22:45:00,22,0,15,21.72,0,0
2026-01-10 22:50:00,22,0,23,21.66,0,0
2026-01-10 22:55:00,22,0,18,21.55,0,0
2026-01-10 23:00:00,23,0,0,21.51,0,0
2026-01-10 23:05:00,23,0,20,21.41,0,0
2026-01-10 23:10:00,23,0,45,21.35,0,0
2026-01-10 23:15:00,23,0,6,21.33,0,0
2026-01-10 23:20:00,23,0,21,21.28,0,0
2026-01-10 23:25:00,23,0,3,21.13,0,0
2026-01-10 23:30:00,23,0,0,21.0,0,0
2026-01-10 23:35:00,23,0,28,20.86,0,0
2026-01-10 23:40:00,23,0,0,20.9,0,0
2026-01-10 23:45:00,23,0,23,20.89,0,0
2026-01-10 23:50:00,23,0,10,20.91,0,0
2026-01-10 23:55:00,23,0,0,20.8,0,0
2026-01-11 00:00:00,0,0,0,20.72,0,0
2026-01-11 00:05:00,0,0,0,20.62,0,0
2026-01-11 00:10:00,0,0,0,20.54,0,0
2026-01-11 00:15:00,0,0,23,20.51,0,0
2026-01-11 00:20:00,0,0,18,20.51,0,0
2026-01-11 00:25:00,0,0,39,20.56,0,0
2026-01-11 00:30:00,0,0,0,20.44,0,0
2026-01-11 00:35:00,0,0,76,20.4,0,0
2026-01-11 00:40:00,0,0,0,20.28,0,0
2026-01-11 00:45:00,0,0,0,20.29,0,0
2026-01-11 00:50:00,0,0,0,20.16,0,0
2026-01-11 00:55:00,0,0,0,20.12,0,0
2026-01-11 01:00:00,1,0,63,19.92,0,0
2026-01-11 01:05:00,1,0,57,19.89,0,0
2026-01-11 01:10:00,1,0,31,19.86,0,0
2026-01-11 01:15:00,1,0,0,19.92,0,0
2026-01-11 01:20:00,1,0,73,19.98,0,0
2026-01-11 01:25:00,1,0,0,19.88,0,0
2026-01-11 01:30:00,1,0,0,19.84,0,0
2026-01-11 01:35:00,1,0,60,19.67,0,0
2026-01-11 01:40:00,1,0,33,19.67,0,0
2026-01-11 01:45:00,1,0,87,19.72,0,0
2026-01-11 01:50:00,1,0,18,19.81,0,0
2026-01-11 01:55:00,1,0,0,19.78,0,0
2026-01-11 02:00:00,2,0,0,19.66,0,0
2026-01-11 02:05:00,2,0,0,19.51,0,0
2026-01-11 02:10:00,2,0,0,19.59,0,0
2026-01-11 02:15:00,2,0,50,19.66,0,0
2026-01-11 02:20:00,2,0,30,19.69,0,0
2026-01-11 02:25:00,2,0,10,19.54,0,0
2026-01-11 02:30:00,2,0,0,19.41,0,0
2026-01-11 02:35:00,2,0,17,19.41,0,0
2026-01-11 02:40:00,2,0,45,19.5,0,0
2026-01-11 02:45:00,2,0,25,19.45,0,0
2026-01-11 02:50:00,2,0,15,19.42,0,0
2026-01-11 02:55:00,2,0,0,19.47,0,0
2026-01-11 03:00:00,3,0,40,19.56,0,0
2026-01-11 03:05:00,3,0,0,19.65,0,0
2026-01-11 03:10:00,3,0,23,19.6,0,0
2026-01-11 03:15:00,3,0,99,19.56,0,0
2026-01-11 03:20:00,3,0,0,19.47,0,0
2026-01-11 03:25:00,3,1,1,19.44,0,0
2026-01-11 03:30:00,3,1,9,19.46,0,0
2026-01-11 03:35:00,3,0,0,19.43,0,0
2026-01-11 03:40:00,3,0,46,19.53,0,0
2026-01-11 03:45:00,3,0,26,19.54,0,0
2026-01-11 03:50:00,3,0,15,19.66,0,0
2026-01-11 03:55:00,3,0,37,19.58,0,0
2026-01-11 04:00:00,4,0,10,19.65,0,0
2026-01-11 04:05:00,4,1,121,19.64,0,0
2026-01-11 04:10:00,4,1,15,19.66,0,0
2026-01-11 04:15:00,4,1,16,19.71,0,0
2026-01-11 04:20:00,4,1,0,19.61,0,0
2026-01-11 04:25:00,4,1,0,19.69,0,0
2026-01-11 04:30:00,4,1,50,19.57,0,0
2026-01-11 04:35:00,4,0,0,19.69,0,0
2026-01-11 04:40:00,4,0,0,19.75,0,0
2026-01-11 04:45:00,4,0,989,19.94,0,1
2026-01-11 04:50:00,4,0,57,19.92,0,0
2026-01-11 04:55:00,4,0,11,19.86,0,0
2026-01-11 05:00:00,5,0,0,19.84,0,0
2026-01-11 05:05:00,5,0,0,19.95,0,0
2026-01-11 05:10:00,5,0,25,19.95,0,0
2026-01-11 05:15:00,5,0,33,6.72,0,1
2026-01-11 05:20:00,5,0,0,20.09,0,0
2026-01-11 05:25:00,5,0,49,20.22,0,0
2026-01-11 05:30:00,5,0,36,20.3,0,0
2026-01-11 05:35:00,5,0,49,20.35,0,0
2026-01-11 05:40:00,5,0,30,20.39,0,0
2026-01-11 05:45:00,5,0,32,20.32,0,0
2026-01-11 05:50:00,5,0,28,20.38,0,0
2026-01-11 05:55:00,5,0,40,20.41,0,0
2026-01-11 06:00:00,6,1,0,20.54,0,0
2026-01-11 06:05:00,6,0,0,20.62,0,0
2026-01-11 06:10:00,6,0,13,20.8,0,0
2026-01-11 06:15:00,6,0,49,20.89,0,0
2026-01-11 06:20:00,6,0,82,20.96,0,0
2026-01-11 06:25:00,6,0,95,20.88,0,0
2026-01-11 06:30:00,6,0,137,20.96,0,0
2026-01-11 06:35:00,6,0,153,21.0,0,0
2026-01-11 06:40:00,6,0,97,21.21,0,0
2026-01-11 06:45:00,6,0,151,21.24,0,0
2026-01-11 06:50:00,6,0,127,21.3,0,0
2026-01-11 06:55:00,6,0,165,21.36,0,0
2026-01-11 07:00:00,7,0,197,21.46,0,0
2026-01-11 07:05:00,7,0,80,21.49,0,0
2026-01-11 07:10:00,7,1,298,21.64,0,0
2026-01-11 07:15:00,7,0,248,21.67,0,0
2026-01-11 07:20:00,7,0,221,21.8,0,0
2026-01-11 07:25:00,7,0,323,21.77,0,0
2026-01-11 07:30:00,7,1,283,21.96,1,0
2026-01-11 07:35:00,7,0,313,22.12,1,0
2026-01-11 07:40:00,7,1,305,22.3,1,0
2026-01-11 07:45:00,7,0,368,22.43,0,0
2026-01-11 07:50:00,7,0,320,22.51,0,0
2026-01-11 07:55:00,7,0,342,22.71,0,0
2026-01-11 08:00:00,8,0,392,22.8,0,0
2026-01-11 08:05:00,8,0,383,22.97,0,0
2026-01-11 08:10:00,8,1,398,22.97,1,0
2026-01-11 08:15:00,8,1,451,23.13,1,0
2026-01-11 08:20:00,8,1,513,23.29,1,0
2026-01-11 08:25:00,8,1,448,23.44,1,0
2026-01-11 08:30:00,8,1,453,23.62,1,0
2026-01-11 08:35:00,8,0,441,23.71,0,0
2026-01-11 08:40:00,8,0,492,23.84,0,0
2026-01-11 08:45:00,8,0,462,23.84,1,0
2026-01-11 08:50:00,8,1,484,23.96,1,0
2026-01-11 08:55:00,8,0,451,24.07,1,0
2026-01-11 09:00:00,9,0,449,24.37,0,0
2026-01-11 09:05:00,9,1,508,24.53,1,0
2026-01-11 09:10:00,9,1,534,24.73,1,0
2026-01-11 09:15:00,9,0,608,24.83,1,0
2026-01-11 09:20:00,9,1,574,24.96,1,0
2026-01-11 09:25:00,9,0,533,24.95,1,0
2026-01-11 09:30:00,9,1,549,24.92,1,0
2026-01-11 09:35:00,9,1,631,25.09,1,0
2026-01-11 09:40:00,9,1,606,25.23,0,0
2026-01-11 09:45:00,9,0,576,25.4,0,0
2026-01-11 09:50:00,9,0,568,25.37,0,0
2026-01-11 09:55:00,9,0,630,25.41,0,0
2026-01-11 10:00:00,10,0,564,25.42,0,0
2026-01-11 10:05:00,10,1,644,25.41,1,0
2026-01-11 10:10:00,10,1,717,25.42,1,0
2026-01-11 10:15:00,10,0,652,25.52,1,0
2026-01-11 10:20:00,10,1,624,25.62,1,0
2026-01-11 10:25:00,10,1,671,25.61,1,0
2026-01-11 10:30:00,10,0,621,25.65,0,0
2026-01-11 10:35:00,10,1,594,25.62,0,0
2026-01-11 10:40:00,10,1,673,25.78,0,0
2026-01-11 10:45:00,10,0,693,25.86,0,0
2026-01-11 10:50:00,10,0,647,25.99,0,0
2026-01-11 10:55:00,10,0,649,26.09,0,0
2026-01-11 11:00:00,11,1,658,26.15,1,0
2026-01-11 11:05:00,11,0,690,26.34,1,0
2026-01-11 11:10:00,11,1,654,26.32,0,0
2026-01-11 11:15:00,11,0,641,26.3,0,0
2026-01-11 11:20:00,11,0,745,26.2,0,0
2026-01-11 11:25:00,11,0,698,26.19,0,0
2026-01-11 11:30:00,11,0,704,26.24,0,0
2026-01-11 11:35:00,11,0,716,26.21,0,0
2026-01-11 11:40:00,11,0,714,26.39,0,0
2026-01-11 11:45:00,11,1,699,26.55,1,0
2026-01-11 11:50:00,11,1,723,26.74,1,0
2026-01-11 11:55:00,11,0,705,26.85,1,0
2026-01-11 12:00:00,12,1,730,26.95,1,0
2026-01-11 12:05:00,12,1,726,26.98,1,0
2026-01-11 12:10:00,12,1,700,26.99,1,0
2026-01-11 12:15:00,12,1,667,27.14,1,0
2026-01-11 12:20:00,12,1,717,27.39,1,0
2026-01-11 12:25:00,12,1,703,27.63,1,0
2026-01-11 12:30:00,12,0,643,27.75,1,0
2026-01-11 12:35:00,12,0,724,27.79,1,0
2026-01-11 12:40:00,12,1,738,27.97,1,0
2026-01-11 12:45:00,12,1,765,28.03,0,0
2026-01-11 12:50:00,12,0,660,28.2,0,0
2026-01-11 12:55:00,12,0,651,28.18,0,0
2026-01-11 13:00:00,13,0,627,28.17,0,0
2026-01-11 13:05:00,13,0,670,28.06,0,0
2026-01-11 13:10:00,13,0,690,27.9,1,0
2026-01-11 13:15:00,13,1,650,27.9,1,0
2026-01-11 13:20:00,13,1,667,27.95,1,0
2026-01-11 13:25:00,13,0,599,28.12,1,0
2026-01-11 13:30:00,13,1,695,28.24,1,0
2026-01-11 13:35:00,13,1,630,28.15,1,0
2026-01-11 13:40:00,13,1,650,28.1,1,0
2026-01-11 13:45:00,13,1,594,28.03,1,0
2026-01-11 13:50:00,13,1,617,28.24,1,0
2026-01-11 13:55:00,13,0,596,28.37,0,0
2026-01-11 14:00:00,14,1,623,28.5,1,0
2026-01-11 14:05:00,14,1,633,28.65,1,0
2026-01-11 14:10:00,14,0,658,28.7,1,0
2026-01-11 14:15:00,14,1,626,28.72,1,0
2026-01-11 14:20:00,14,0,625,28.64,1,0
2026-01-11 14:25:00,14,0,608,28.65,0,0
2026-01-11 14:30:00,14,0,569,28.57,0,0
2026-01-11 14:35:00,14,1,564,28.55,1,0
2026-01-11 14:40:00,14,0,591,28.53,1,0
2026-01-11 14:45:00,14,0,558,28.52,0,0
2026-01-11 14:50:00,14,0,534,28.49,0,0
2026-01-11 14:55:00,14,1,475,28.46,1,0
2026-01-11 15:00:00,15,1,486,28.55,1,0
2026-01-11 15:05:00,15,1,495,28.54,1,0
2026-01-11 15:10:00,15,1,521,28.54,1,0
2026-01-11 15:15:00,15,1,482,28.46,1,0
2026-01-11 15:20:00,15,1,486,28.42,0,0
2026-01-11 15:25:00,15,1,481,28.41,0,0
2026-01-11 15:30:00,15,0,465,28.37,0,0
2026-01-11 15:35:00,15,0,454,28.34,0,0
2026-01-11 15:40:00,15,0,363,28.17,0,0
2026-01-11 15:45:00,15,1,429,28.17,1,0
2026-01-11 15:50:00,15,1,379,28.14,1,0
2026-01-11 15:55:00,15,1,330,28.29,1,0
2026-01-11 16:00:00,16,1,364,28.28,1,0
2026-01-11 16:05:00,16,1,408,28.36,1,0
2026-01-11 16:10:00,16,0,365,28.24,1,0
2026-01-11 16:15:00,16,1,406,28.13,1,0
2026-01-11 16:20:00,16,1,328,28.04,1,0
2026-01-11 16:25:00,16,0,369,28.04,0,0
2026-01-11 16:30:00,16,0,276,28.06,0,0
2026-01-11 16:35:00,16,0,996,28.09,0,1
2026-01-11 16:40:00,16,0,222,28.16,1,0
2026-01-11 16:45:00,16,0,292,28.21,1,0
2026-01-11 16:50:00,16,0,221,28.17,1,0
2026-01-11 16:55:00,16,1,202,28.1,1,0
2026-01-11 17:00:00,17,1,255,28.16,1,0
2026-01-11 17:05:00,17,0,237,28.1,1,0
2026-01-11 17:10:00,17,0,221,28.02,1,0
2026-01-11 17:15:00,17,1,154,27.93,1,0
2026-01-11 17:20:00,17,1,151,27.91,1,0
2026-01-11 17:25:00,17,1,111,28.03,0,0
2026-01-11 17:30:00,17,1,126,27.92,0,0
2026-01-11 17:35:00,17,0,163,39.03,1,1
2026-01-11 17:40:00,17,0,82,27.86,0,0
2026-01-11 17:45:00,17,1,148,27.8,1,0
2026-01-11 17:50:00,17,1,71,27.58,0,0
2026-01-11 17:55:00,17,1,16,27.42,0,0
2026-01-11 18:00:00,18,1,64,27.33,1,0
2026-01-11 18:05:00,18,1,69,27.16,0,0
2026-01-11 18:10:00,18,1,79,26.92,0,0
2026-01-11 18:15:00,18,0,51,26.57,0,0
2026-01-11 18:20:00,18,0,10,26.48,0,0
2026-01-11 18:25:00,18,0,2,26.38,0,0
2026-01-11 18:30:00,18,1,55,26.43,1,0
2026-01-11 18:35:00,18,1,68,26.25,0,0
2026-01-11 18:40:00,18,1,25,26.13,0,0
2026-01-11 18:45:00,18,1,25,25.96,0,0
2026-01-11 18:50:00,18,1,11,25.9,0,0
2026-01-11 18:55:00,18,1,0,25.85,0,0
2026-01-11 19:00:00,19,0,4,25.78,0,0
2026-01-11 19:05:00,19,0,14,25.81,0,0
2026-01-11 19:10:00,19,1,95,25.73,1,0
2026-01-11 19:15:00,19,0,1,25.72,0,0
2026-01-11 19:20:00,19,0,11,25.53,0,0
2026-01-11 19:25:00,19,0,0,25.37,0,0
2026-01-11 19:30:00,19,0,35,25.18,0,0
2026-01-11 19:35:00,19,0,57,25.02,0,0
2026-01-11 19:40:00,19,0,66,24.98,0,0
2026-01-11 19:45:00,19,0,17,24.87,0,0
2026-01-11 19:50:00,19,0,30,24.77,0,0
2026-01-11 19:55:00,19,0,4,24.78,0,0
2026-01-11 20:00:00,20,0,28,24.71,0,0
2026-01-11 20:05:00,20,0,20,24.64,0,0
2026-01-11 20:10:00,20,0,12,24.47,0,0
2026-01-11 20:15:00,20,0,14,24.33,0,0
2026-01-11 20:20:00,20,1,25,24.34,0,0
2026-01-11 20:25:00,20,1,0,24.18,0,0
2026-01-11 20:30:00,20,1,1,24.1,0,0
2026-01-11 20:35:00,20,1,69,23.98,0,0
2026-01-11 20:40:00,20,1,104,23.96,0,0
2026-01-11 20:45:00,20,0,0,23.93,0,0
2026-01-11 20:50:00,20,0,0,23.83,0,0
2026-01-11 20:55:00,20,0,0,23.73,0,0
2026-01-11 21:00:00,21,0,6,23.65,0,0
2026-01-11 21:05:00,21,0,41,23.57,0,0
2026-01-11 21:10:00,21,0,30,23.45,0,0
2026-01-11 21:15:00,21,0,16,23.26,0,0
2026-01-11 21:20:00,21,0,28,23.19,0,0
2026-01-11 21:25:00,21,0,0,23.11,0,0
2026-01-11 21:30:00,21,0,1,23.08,0,0
2026-01-11 21:35:00,21,0,9,23.02,0,0
2026-01-11 21:40:00,21,0,0,22.86,0,0
2026-01-11 21:45:00,21,0,0,22.88,0,0
2026-01-11 21:50:00,21,1,0,22.73,0,0
2026-01-11 21:55:00,21,0,36,22.73,0,0
2026-01-11 22:00:00,22,0,18,22.54,0,0
2026-01-11 22:05:00,22,0,31,22.38,0,0
2026-01-11 22:10:00,22,0,0,22.27,0,0
2026-01-11 22:15:00,22,0,0,22.22,0,0
2026-01-11 22:20:00,22,0,33,22.26,0,0
2026-01-11 22:25:00,22,0,0,22.17,0,0
2026-01-11 22:30:00,22,0,52,21.96,0,0
2026-01-11 22:35:00,22,0,0,21.77,0,0
2026-01-11 22:40:00,22,0,39,21.81,0,0
2026-01-11 22:45:00,22,0,0,21.78,0,0
2026-01-11 22:50:00,22,0,46,21.85,0,0
2026-01-11 22:55:00,22,0,122,21.62,0,0
2026-01-11 23:00:00,23,0,0,21.59,0,0
2026-01-11 23:05:00,23,0,34,21.48,0,0
2026-01-11 23:10:00,23,0,0,21.41,0,0
2026-01-11 23:15:00,23,0,24,21.42,0,0
2026-01-11 23:20:00,23,0,2,21.32,0,0
2026-01-11 23:25:00,23,0,14,21.31,0,0
2026-01-11 23:30:00,23,0,0,21.15,0,0
2026-01-11 23:35:00,23,0,37,21.11,0,0
2026-01-11 23:40:00,23,0,0,21.1,0,0
2026-01-11 23:45:00,23,0,53,21.03,0,0
2026-01-11 23:50:00,23,0,0,21.02,0,0
2026-01-11 23:55:00,23,0,0,20.85,0,0
